id,round,pullback_score,extracted_target,extracted_source,gold_domains,concepts_matched,n_gold_concepts,coverage,stop_reason,image_path
003,1,2.478,purity,crystal glass of water,alcohol | fun,0,2,0.429,in_progress,visual_reasoning/experiment_1/images/k1/003.png
003,2,1.191,social excitement,alcohol,alcohol | fun,1,2,0.167,in_progress,visual_reasoning/experiment_1/images/k2/003.png
003,3,1.126,celebration,premium spirits,alcohol | fun,0,2,0.143,in_progress,visual_reasoning/experiment_1/images/k3/003.png
003,4,1.411,celebration,vodka bottle,alcohol | fun,0,2,0.286,in_progress,visual_reasoning/experiment_1/images/k4/003.png
003,5,2.802,party euphoria,vodka,alcohol | fun,1,2,0.5,in_progress,visual_reasoning/experiment_1/images/k5/003.png
003,6,0.93,party euphoria,electric energy,alcohol | fun,0,2,0.143,in_progress,visual_reasoning/experiment_1/images/k6/003.png
003,7,1.817,vodka,electric energy,alcohol | fun,1,2,0.286,in_progress,visual_reasoning/experiment_1/images/k7/003.png
003,8,3.751,vodka celebration,electric energy,alcohol | fun,1,2,0.429,in_progress,visual_reasoning/experiment_1/images/k8/003.png
003,9,3.675,happiness,liquid being poured,alcohol | fun,0,2,0.5,in_progress,visual_reasoning/experiment_1/images/k9/003.png
003,10,2.844,euphoria,bottle explosion,alcohol | fun,0,2,0.429,in_progress,visual_reasoning/experiment_1/images/k10/003.png
007,1,1.858,athletic nutrition,sports competition,nutrition | sports,2,2,0.286,flattened,visual_reasoning/experiment_1/images/k1/007.png
007,2,1.58,sports nutrition,athletic competition,nutrition | sports,2,2,0.286,flattened,visual_reasoning/experiment_1/images/k2/007.png
007,3,3.015,fitness meal preparation,extreme sports racing,nutrition | sports,0,2,0.429,flattened,visual_reasoning/experiment_1/images/k3/007.png
007,4,1.423,healthy diet,athletic competition,nutrition | sports,2,2,0.286,flattened,visual_reasoning/experiment_1/images/k4/007.png
007,5,1.207,healthy eating,athletic competition,nutrition | sports,2,2,0.143,flattened,visual_reasoning/experiment_1/images/k5/007.png
007,6,1.209,athletic performance,meat consumption,nutrition | sports,1,2,0.143,flattened,visual_reasoning/experiment_1/images/k6/007.png
008,1,0.0,italian cuisine,none,pasta | authentic italian,1,2,0.0,in_progress,visual_reasoning/experiment_1/images/k1/008.png
008,2,1.086,barilla pasta,italian culinary heritage,pasta | authentic italian,2,2,0.143,in_progress,visual_reasoning/experiment_1/images/k2/008.png
008,3,4.065,italian cuisine,roman colosseum,pasta | authentic italian,1,2,0.571,in_progress,visual_reasoning/experiment_1/images/k3/008.png
008,4,3.282,italian cuisine,roman colosseum,pasta | authentic italian,1,2,0.429,in_progress,visual_reasoning/experiment_1/images/k4/008.png
008,5,3.525,italian cuisine,colosseum,pasta | authentic italian,1,2,0.571,in_progress,visual_reasoning/experiment_1/images/k5/008.png
008,6,0.977,italian culture,pasta,pasta | authentic italian,2,2,0.143,in_progress,visual_reasoning/experiment_1/images/k6/008.png
008,7,2.504,italian cultural identity,pasta,pasta | authentic italian,2,2,0.429,in_progress,visual_reasoning/experiment_1/images/k7/008.png
008,8,1.062,italian culture,pasta,pasta | authentic italian,2,2,0.167,in_progress,visual_reasoning/experiment_1/images/k8/008.png
008,9,1.554,italian pasta,famous landmark,pasta | authentic italian,1,2,0.333,in_progress,visual_reasoning/experiment_1/images/k9/008.png
008,10,1.704,italian culinary tradition,roman heritage,pasta | authentic italian,1,2,0.286,in_progress,visual_reasoning/experiment_1/images/k10/008.png
009,1,1.0,nissan suv,batman,nissan juke | batmobil,1,2,0.143,generation_failed,visual_reasoning/experiment_1/images/k1/009.png
009,2,2.969,nissan juke,batmobile,nissan juke | batmobil,2,2,0.5,generation_failed,visual_reasoning/experiment_1/images/k2/009.png
009,3,2.204,nissan juke,batmobile,nissan juke | batmobil,2,2,0.429,generation_failed,visual_reasoning/experiment_1/images/k3/009.png
010,1,1.65,music,fire and ice,music | punch,1,2,0.286,in_progress,visual_reasoning/experiment_1/images/k1/010.png
010,2,2.391,emotional power of music,explosion,music | punch,1,2,0.286,in_progress,visual_reasoning/experiment_1/images/k2/010.png
010,3,2.221,music impact,punch,music | punch,2,2,0.429,in_progress,visual_reasoning/experiment_1/images/k3/010.png
010,4,4.478,emotional power of music,physical punch,music | punch,2,2,0.571,in_progress,visual_reasoning/experiment_1/images/k4/010.png
010,5,3.345,music's emotional impact,punch,music | punch,2,2,0.571,in_progress,visual_reasoning/experiment_1/images/k5/010.png
010,6,1.733,music's emotional impact,explosion,music | punch,1,2,0.286,in_progress,visual_reasoning/experiment_1/images/k6/010.png
010,7,3.287,emotional impact of music,punch,music | punch,2,2,0.429,in_progress,visual_reasoning/experiment_1/images/k7/010.png
010,8,2.655,music,physical punch,music | punch,2,2,0.429,in_progress,visual_reasoning/experiment_1/images/k8/010.png
010,9,2.354,impact of music,punch,music | punch,2,2,0.429,in_progress,visual_reasoning/experiment_1/images/k9/010.png
010,10,3.372,emotional impact of music,physical punch,music | punch,2,2,0.5,in_progress,visual_reasoning/experiment_1/images/k10/010.png
011,1,4.372,life transition,bridge crossing,vaccine resistance | bridge crossing,1,2,0.571,in_progress,visual_reasoning/experiment_1/images/k1/011.png
011,2,1.732,addiction,crossroads,vaccine resistance | bridge crossing,0,2,0.286,in_progress,visual_reasoning/experiment_1/images/k2/011.png
011,3,3.653,vaccine hesitancy,bridge to safety,vaccine resistance | bridge crossing,2,2,0.429,in_progress,visual_reasoning/experiment_1/images/k3/011.png
011,4,2.654,addiction,chasm,vaccine resistance | bridge crossing,0,2,0.429,in_progress,visual_reasoning/experiment_1/images/k4/011.png
011,5,2.155,vaccination,bridge to prosperity,vaccine resistance | bridge crossing,1,2,0.286,in_progress,visual_reasoning/experiment_1/images/k5/011.png
011,6,4.195,drug addiction,demonic haunting,vaccine resistance | bridge crossing,0,2,0.429,in_progress,visual_reasoning/experiment_1/images/k6/011.png
011,7,4.518,vaccination,guardian fighting monsters,vaccine resistance | bridge crossing,1,2,0.571,in_progress,visual_reasoning/experiment_1/images/k7/011.png
011,8,1.394,drug addiction,bridge to recovery,vaccine resistance | bridge crossing,0,2,0.143,in_progress,visual_reasoning/experiment_1/images/k8/011.png
011,9,2.32,drug addiction,predatory monster,vaccine resistance | bridge crossing,0,2,0.286,in_progress,visual_reasoning/experiment_1/images/k9/011.png
011,10,2.627,vaccine hesitancy,storm versus safe bridge crossing,vaccine resistance | bridge crossing,2,2,0.286,in_progress,visual_reasoning/experiment_1/images/k10/011.png
012,1,0.0,cadbury milk chocolate,none,cadburry chocolate | fresh milk,1,2,0.0,in_progress,visual_reasoning/experiment_1/images/k1/012.png
012,2,2.121,cadbury dairy milk,milk,cadburry chocolate | fresh milk,2,2,0.286,in_progress,visual_reasoning/experiment_1/images/k2/012.png
012,3,1.635,cadbury chocolate,milk,cadburry chocolate | fresh milk,2,2,0.333,in_progress,visual_reasoning/experiment_1/images/k3/012.png
012,4,0.98,milk chocolate,milk,cadburry chocolate | fresh milk,2,2,0.167,in_progress,visual_reasoning/experiment_1/images/k4/012.png
012,5,2.924,milk chocolate,milk,cadburry chocolate | fresh milk,2,2,0.5,in_progress,visual_reasoning/experiment_1/images/k5/012.png
012,6,0.0,milk chocolate,none,cadburry chocolate | fresh milk,1,2,0.0,in_progress,visual_reasoning/experiment_1/images/k6/012.png
012,7,2.507,cadbury chocolate,milk,cadburry chocolate | fresh milk,2,2,0.333,in_progress,visual_reasoning/experiment_1/images/k7/012.png
012,8,0.0,cadbury chocolate,none,cadburry chocolate | fresh milk,1,2,0.0,in_progress,visual_reasoning/experiment_1/images/k8/012.png
012,9,0.966,cadbury dairy milk,milk,cadburry chocolate | fresh milk,2,2,0.167,in_progress,visual_reasoning/experiment_1/images/k9/012.png
012,10,3.329,cadbury chocolate,liquid milk,cadburry chocolate | fresh milk,2,2,0.429,in_progress,visual_reasoning/experiment_1/images/k10/012.png
013,1,1.076,calorie burning,fire,running | calory crusher,0,2,0.143,in_progress,visual_reasoning/experiment_1/images/k1/013.png
013,2,4.655,calorie burning,physical destruction,running | calory crusher,0,2,0.571,in_progress,visual_reasoning/experiment_1/images/k2/013.png
013,3,2.132,calorie burning,breaking through barriers,running | calory crusher,0,2,0.429,in_progress,visual_reasoning/experiment_1/images/k3/013.png
013,4,1.928,calorie burning,demolishing walls,running | calory crusher,0,2,0.286,in_progress,visual_reasoning/experiment_1/images/k4/013.png
013,5,2.594,calorie burning,demolishing obstacles,running | calory crusher,0,2,0.5,in_progress,visual_reasoning/experiment_1/images/k5/013.png
013,6,4.136,calorie burning,breaking concrete barriers,running | calory crusher,0,2,0.571,in_progress,visual_reasoning/experiment_1/images/k6/013.png
013,7,4.464,fitness goal achievement,obstacle race,running | calory crusher,0,2,0.714,in_progress,visual_reasoning/experiment_1/images/k7/013.png
013,8,2.853,fitness goal progress,race track,running | calory crusher,1,2,0.429,in_progress,visual_reasoning/experiment_1/images/k8/013.png
013,9,4.616,calorie burning,crushing obstacles,running | calory crusher,0,2,0.571,in_progress,visual_reasoning/experiment_1/images/k9/013.png
013,10,4.068,calorie burning,crushing physical obstacles,running | calory crusher,0,2,0.571,in_progress,visual_reasoning/experiment_1/images/k10/013.png
014,1,0.0,harvest,none,brämhults | carrot,0,2,0.0,flattened,visual_reasoning/experiment_1/images/k1/014.png
014,2,0.0,carrot juice,none,brämhults | carrot,1,2,0.0,flattened,visual_reasoning/experiment_1/images/k2/014.png
015,1,3.101,food craving,monster,genetically modified food | predator,0,2,0.375,in_progress,visual_reasoning/experiment_1/images/k1/015.png
015,2,1.003,genetically modified food,venomous snake,genetically modified food | predator,1,2,0.167,in_progress,visual_reasoning/experiment_1/images/k2/015.png
015,3,2.002,nutrition,dna,genetically modified food | predator,0,2,0.286,in_progress,visual_reasoning/experiment_1/images/k3/015.png
015,4,1.098,gmo food,monster,genetically modified food | predator,1,2,0.1,in_progress,visual_reasoning/experiment_1/images/k4/015.png
015,5,1.586,genetically modified food,wild predator,genetically modified food | predator,2,2,0.25,in_progress,visual_reasoning/experiment_1/images/k5/015.png
015,6,0.946,nutritional power,predator,genetically modified food | predator,1,2,0.143,in_progress,visual_reasoning/experiment_1/images/k6/015.png
015,7,3.738,genetically modified food,wild predator,genetically modified food | predator,2,2,0.571,in_progress,visual_reasoning/experiment_1/images/k7/015.png
015,8,4.066,genetic modification,wild predator,genetically modified food | predator,2,2,0.714,in_progress,visual_reasoning/experiment_1/images/k8/015.png
015,9,2.155,genetically modified food,wild predators,genetically modified food | predator,2,2,0.429,in_progress,visual_reasoning/experiment_1/images/k9/015.png
015,10,1.863,genetically modified food,predatory animals,genetically modified food | predator,1,2,0.25,in_progress,visual_reasoning/experiment_1/images/k10/015.png
016,1,2.799,passage of time,road journey,time | highway,2,2,0.429,in_progress,visual_reasoning/experiment_1/images/k1/016.png
016,2,4.963,human life,road journey,time | highway,1,2,0.857,in_progress,visual_reasoning/experiment_1/images/k2/016.png
016,3,2.779,passage of time,road,time | highway,2,2,0.429,in_progress,visual_reasoning/experiment_1/images/k3/016.png
016,4,0.93,human aging,road journey,time | highway,1,2,0.167,in_progress,visual_reasoning/experiment_1/images/k4/016.png
016,5,1.092,human aging,road journey,time | highway,1,2,0.143,in_progress,visual_reasoning/experiment_1/images/k5/016.png
016,6,1.623,aging,road journey,time | highway,1,2,0.333,in_progress,visual_reasoning/experiment_1/images/k6/016.png
016,7,1.905,human aging,journey through time,time | highway,0,2,0.429,in_progress,visual_reasoning/experiment_1/images/k7/016.png
016,8,3.812,human aging,clock,time | highway,1,2,0.571,in_progress,visual_reasoning/experiment_1/images/k8/016.png
016,9,0.988,human life cycle,road journey,time | highway,1,2,0.167,in_progress,visual_reasoning/experiment_1/images/k9/016.png
016,10,0.91,human aging,clock,time | highway,1,2,0.143,in_progress,visual_reasoning/experiment_1/images/k10/016.png
017,1,2.05,personal crisis,sharks circling sinking ship,taking risks | shark-ridden waters,1,2,0.286,in_progress,visual_reasoning/experiment_1/images/k1/017.png
017,2,3.469,business crisis,shipwreck in shark-infested waters,taking risks | shark-ridden waters,1,2,0.429,in_progress,visual_reasoning/experiment_1/images/k2/017.png
017,3,2.198,business crisis,sinking ship,taking risks | shark-ridden waters,0,2,0.286,in_progress,visual_reasoning/experiment_1/images/k3/017.png
017,4,2.136,business crisis,shark-infested waters,taking risks | shark-ridden waters,1,2,0.286,in_progress,visual_reasoning/experiment_1/images/k4/017.png
017,5,2.724,financial ruin,catastrophic disaster,taking risks | shark-ridden waters,0,2,0.429,in_progress,visual_reasoning/experiment_1/images/k5/017.png
017,6,1.806,financial debt,shark-infested waters,taking risks | shark-ridden waters,1,2,0.286,in_progress,visual_reasoning/experiment_1/images/k6/017.png
017,7,1.705,business risk-taking,shark-infested stormy sea,taking risks | shark-ridden waters,2,2,0.286,in_progress,visual_reasoning/experiment_1/images/k7/017.png
017,8,3.563,business failure,sinking ship,taking risks | shark-ridden waters,0,2,0.571,in_progress,visual_reasoning/experiment_1/images/k8/017.png
017,9,2.56,financial debt,shark attack,taking risks | shark-ridden waters,1,2,0.429,in_progress,visual_reasoning/experiment_1/images/k9/017.png
017,10,4.788,inescapable crisis,shipwreck with sharks,taking risks | shark-ridden waters,1,2,0.714,in_progress,visual_reasoning/experiment_1/images/k10/017.png
018,1,2.788,creativity,christmas wreath,pencil | christmas,1,2,0.571,in_progress,visual_reasoning/experiment_1/images/k1/018.png
018,2,2.056,christmas wreath,colored pencils,pencil | christmas,2,2,0.286,in_progress,visual_reasoning/experiment_1/images/k2/018.png
018,3,1.913,christmas wreath,colored pencils,pencil | christmas,2,2,0.286,in_progress,visual_reasoning/experiment_1/images/k3/018.png
018,4,0.0,christmas spirit,colored pencils,pencil | christmas,2,2,0.0,in_progress,visual_reasoning/experiment_1/images/k4/018.png
018,5,2.721,christmas wreath,colored pencils,pencil | christmas,2,2,0.429,in_progress,visual_reasoning/experiment_1/images/k5/018.png
018,6,1.836,education,christmas wreath,pencil | christmas,1,2,0.286,in_progress,visual_reasoning/experiment_1/images/k6/018.png
018,7,2.014,education,christmas wreath,pencil | christmas,1,2,0.286,in_progress,visual_reasoning/experiment_1/images/k7/018.png
018,8,1.456,childhood creativity,christmas wreath,pencil | christmas,1,2,0.286,in_progress,visual_reasoning/experiment_1/images/k8/018.png
018,9,2.009,childhood creativity,christmas wreath,pencil | christmas,1,2,0.286,in_progress,visual_reasoning/experiment_1/images/k9/018.png
018,10,3.24,holiday candles,colored pencils,pencil | christmas,1,2,0.429,in_progress,visual_reasoning/experiment_1/images/k10/018.png
019,1,3.325,smoking addiction,prison,smoking addiction | maze,1,2,0.429,in_progress,visual_reasoning/experiment_1/images/k1/019.png
019,2,1.841,smoking addiction,prison,smoking addiction | maze,1,2,0.286,in_progress,visual_reasoning/experiment_1/images/k2/019.png
019,3,3.017,nicotine addiction,maze,smoking addiction | maze,2,2,0.429,in_progress,visual_reasoning/experiment_1/images/k3/019.png
019,4,1.573,nicotine addiction,labyrinth,smoking addiction | maze,2,2,0.286,in_progress,visual_reasoning/experiment_1/images/k4/019.png
019,5,1.663,smoking addiction,destructive labyrinth,smoking addiction | maze,2,2,0.286,in_progress,visual_reasoning/experiment_1/images/k5/019.png
019,6,1.992,smoking addiction,labyrinth,smoking addiction | maze,2,2,0.429,in_progress,visual_reasoning/experiment_1/images/k6/019.png
019,7,3.306,smoking addiction,imprisonment,smoking addiction | maze,1,2,0.571,in_progress,visual_reasoning/experiment_1/images/k7/019.png
019,8,4.466,smoking addiction,imprisonment,smoking addiction | maze,1,2,0.571,in_progress,visual_reasoning/experiment_1/images/k8/019.png
019,9,1.744,addiction,imprisonment,smoking addiction | maze,1,2,0.286,in_progress,visual_reasoning/experiment_1/images/k9/019.png
019,10,1.718,addiction,chains and labyrinth,smoking addiction | maze,2,2,0.286,in_progress,visual_reasoning/experiment_1/images/k10/019.png
020,1,3.266,smoking habit,burning money,cigarette | money,1,2,0.429,in_progress,visual_reasoning/experiment_1/images/k1/020.png
020,2,3.703,smoking addiction,financial enslavement,cigarette | money,1,2,0.429,in_progress,visual_reasoning/experiment_1/images/k2/020.png
020,3,2.298,smoking habit,burning money,cigarette | money,1,2,0.286,in_progress,visual_reasoning/experiment_1/images/k3/020.png
020,4,1.583,financial waste,smoking,cigarette | money,1,2,0.286,in_progress,visual_reasoning/experiment_1/images/k4/020.png
020,5,2.236,smoking addiction,burning money,cigarette | money,1,2,0.429,in_progress,visual_reasoning/experiment_1/images/k5/020.png
020,6,3.506,financial waste,smoking,cigarette | money,1,2,0.429,in_progress,visual_reasoning/experiment_1/images/k6/020.png
020,7,4.129,financial loss,fire,cigarette | money,0,2,0.571,in_progress,visual_reasoning/experiment_1/images/k7/020.png
020,8,3.112,financial waste,burning cigarette,cigarette | money,1,2,0.429,in_progress,visual_reasoning/experiment_1/images/k8/020.png
020,9,3.574,financial cost of smoking,burning money,cigarette | money,0,2,0.429,in_progress,visual_reasoning/experiment_1/images/k9/020.png
020,10,1.724,smoking addiction,burning money,cigarette | money,1,2,0.286,in_progress,visual_reasoning/experiment_1/images/k10/020.png
021,1,5.508,leadership under pressure,lion taming,driving safety | lion tamer,1,2,0.857,in_progress,visual_reasoning/experiment_1/images/k1/021.png
021,2,3.762,car control,lion taming,driving safety | lion tamer,1,2,0.571,in_progress,visual_reasoning/experiment_1/images/k2/021.png
021,3,4.137,driving in hazardous conditions,lion taming,driving safety | lion tamer,2,2,0.571,in_progress,visual_reasoning/experiment_1/images/k3/021.png
021,4,3.203,dangerous driving conditions,lion taming,driving safety | lion tamer,2,2,0.571,in_progress,visual_reasoning/experiment_1/images/k4/021.png
021,5,3.771,dangerous driving,lion taming,driving safety | lion tamer,2,2,0.571,in_progress,visual_reasoning/experiment_1/images/k5/021.png
021,6,4.597,loss of control,circus with uncontrolled lion,driving safety | lion tamer,1,2,0.571,in_progress,visual_reasoning/experiment_1/images/k6/021.png
021,7,1.533,car warning system,lion taming,driving safety | lion tamer,1,2,0.222,in_progress,visual_reasoning/experiment_1/images/k7/021.png
021,8,1.048,crisis management,vehicle control system,driving safety | lion tamer,0,2,0.143,in_progress,visual_reasoning/experiment_1/images/k8/021.png
021,9,2.775,driving,lion taming,driving safety | lion tamer,2,2,0.429,in_progress,visual_reasoning/experiment_1/images/k9/021.png
021,10,4.013,crisis management,road navigation,driving safety | lion tamer,0,2,0.429,in_progress,visual_reasoning/experiment_1/images/k10/021.png
025,1,2.679,work stress,time machinery,deadline | trap,0,2,0.429,flattened,visual_reasoning/experiment_1/images/k1/025.png
025,2,1.679,deadline pressure,bear trap,deadline | trap,2,2,0.286,flattened,visual_reasoning/experiment_1/images/k2/025.png
025,3,2.437,deadline pressure,bear trap,deadline | trap,2,2,0.429,flattened,visual_reasoning/experiment_1/images/k3/025.png
025,4,1.553,financial debt,bear trap,deadline | trap,1,2,0.286,flattened,visual_reasoning/experiment_1/images/k4/025.png
025,5,1.524,deadline pressure,animal trap,deadline | trap,2,2,0.286,flattened,visual_reasoning/experiment_1/images/k5/025.png
026,1,1.091,comfort,fire,coffee | lightswitch,0,2,0.143,flattened,visual_reasoning/experiment_1/images/k1/026.png
026,2,2.008,energy boost,light switch,coffee | lightswitch,1,2,0.429,flattened,visual_reasoning/experiment_1/images/k2/026.png
026,3,2.044,coffee's energizing effect,power switch,coffee | lightswitch,1,2,0.286,flattened,visual_reasoning/experiment_1/images/k3/026.png
027,1,2.379,smile,spotlight,toothpaste | spotlight,1,2,0.429,in_progress,visual_reasoning/experiment_1/images/k1/027.png
027,2,1.571,teeth whitening,flashlight beam,toothpaste | spotlight,0,2,0.333,in_progress,visual_reasoning/experiment_1/images/k2/027.png
027,3,1.804,teeth whitening,light beam,toothpaste | spotlight,0,2,0.286,in_progress,visual_reasoning/experiment_1/images/k3/027.png
027,4,3.19,teeth whitening,magic,toothpaste | spotlight,0,2,0.429,in_progress,visual_reasoning/experiment_1/images/k4/027.png
027,5,1.52,teeth whitening,golden light beam,toothpaste | spotlight,0,2,0.286,in_progress,visual_reasoning/experiment_1/images/k5/027.png
027,6,1.305,teeth whitening,magic light beam,toothpaste | spotlight,0,2,0.143,in_progress,visual_reasoning/experiment_1/images/k6/027.png
027,7,1.073,tooth whitening,light beam,toothpaste | spotlight,1,2,0.143,in_progress,visual_reasoning/experiment_1/images/k7/027.png
027,8,3.492,tooth whitening,spotlight,toothpaste | spotlight,2,2,0.571,in_progress,visual_reasoning/experiment_1/images/k8/027.png
027,9,1.869,tooth whitening,spotlight transformation,toothpaste | spotlight,2,2,0.286,in_progress,visual_reasoning/experiment_1/images/k9/027.png
027,10,2.101,teeth whitening,theatrical spotlight,toothpaste | spotlight,1,2,0.286,in_progress,visual_reasoning/experiment_1/images/k10/027.png
028,1,3.2,navigating adversity,dodging traffic,jaywalking | death,0,2,0.429,flattened,visual_reasoning/experiment_1/images/k1/028.png
028,2,1.763,reckless behavior,walking into oncoming traffic,jaywalking | death,1,2,0.286,flattened,visual_reasoning/experiment_1/images/k2/028.png
028,3,2.267,obliviousness to danger,death,jaywalking | death,1,2,0.286,flattened,visual_reasoning/experiment_1/images/k3/028.png
028,4,2.418,jaywalking,death,jaywalking | death,2,2,0.286,flattened,visual_reasoning/experiment_1/images/k4/028.png
028,5,2.108,pedestrian danger,death,jaywalking | death,1,2,0.286,flattened,visual_reasoning/experiment_1/images/k5/028.png
028,6,2.093,reckless behavior,jaywalking in front of truck,jaywalking | death,1,2,0.429,flattened,visual_reasoning/experiment_1/images/k6/028.png
029,1,1.967,societal neglect,decaying food storage,storing vegetable | corpse,0,2,0.286,max_rounds,visual_reasoning/experiment_1/images/k1/029.png
029,2,3.053,food waste,rotting vegetables,storing vegetable | corpse,1,2,0.429,max_rounds,visual_reasoning/experiment_1/images/k2/029.png
029,3,2.176,food waste,morgue,storing vegetable | corpse,1,2,0.429,max_rounds,visual_reasoning/experiment_1/images/k3/029.png
029,4,1.69,food waste,morgue,storing vegetable | corpse,1,2,0.286,max_rounds,visual_reasoning/experiment_1/images/k4/029.png
029,5,3.425,food spoilage,death,storing vegetable | corpse,1,2,0.5,max_rounds,visual_reasoning/experiment_1/images/k5/029.png
029,6,4.705,mortality,food spoilage,storing vegetable | corpse,0,2,0.714,max_rounds,visual_reasoning/experiment_1/images/k6/029.png
029,7,6.5,human mortality,food expiration,storing vegetable | corpse,0,2,0.833,max_rounds,visual_reasoning/experiment_1/images/k7/029.png
029,8,6.017,food waste,death,storing vegetable | corpse,1,2,0.714,max_rounds,visual_reasoning/experiment_1/images/k8/029.png
029,9,5.318,food spoilage,morgue,storing vegetable | corpse,1,2,0.667,max_rounds,visual_reasoning/experiment_1/images/k9/029.png
029,10,3.965,food spoilage,death,storing vegetable | corpse,1,2,0.571,max_rounds,visual_reasoning/experiment_1/images/k10/029.png
030,1,1.686,pharmaceutical industry,industrial machine,pharmaceutical industry | money machine,1,2,0.286,in_progress,visual_reasoning/experiment_1/images/k1/030.png
030,2,2.609,pharmaceutical industry,slot machine,pharmaceutical industry | money machine,2,2,0.429,in_progress,visual_reasoning/experiment_1/images/k2/030.png
030,3,2.505,pharmaceutical industry profit,money-making machine,pharmaceutical industry | money machine,2,2,0.429,in_progress,visual_reasoning/experiment_1/images/k3/030.png
030,4,3.572,pharmaceutical price gouging,money-making machine,pharmaceutical industry | money machine,1,2,0.571,in_progress,visual_reasoning/experiment_1/images/k4/030.png
030,5,5.445,pharmaceutical price gouging,money extraction machine,pharmaceutical industry | money machine,1,2,0.714,in_progress,visual_reasoning/experiment_1/images/k5/030.png
030,6,1.737,pharmaceutical price gouging,money extraction machine,pharmaceutical industry | money machine,1,2,0.286,in_progress,visual_reasoning/experiment_1/images/k6/030.png
030,7,4.93,pharmaceutical pricing,gambling,pharmaceutical industry | money machine,1,2,0.571,in_progress,visual_reasoning/experiment_1/images/k7/030.png
030,8,1.592,pharmaceutical industry profiteering,profit machine,pharmaceutical industry | money machine,2,2,0.286,in_progress,visual_reasoning/experiment_1/images/k8/030.png
030,9,1.691,pharmaceutical drug pricing,industrial money extraction machine,pharmaceutical industry | money machine,1,2,0.286,in_progress,visual_reasoning/experiment_1/images/k9/030.png
030,10,1.051,pharmaceutical price gouging,industrial grinding machine,pharmaceutical industry | money machine,0,2,0.143,in_progress,visual_reasoning/experiment_1/images/k10/030.png
031,1,3.27,healthcare,vending machine,healthcare | coin machine,2,2,0.429,in_progress,visual_reasoning/experiment_1/images/k1/031.png
031,2,2.739,healthcare access,vending machine,healthcare | coin machine,2,2,0.429,in_progress,visual_reasoning/experiment_1/images/k2/031.png
031,3,0.0,medication access,none,healthcare | coin machine,0,2,0.0,in_progress,visual_reasoning/experiment_1/images/k3/031.png
031,4,3.156,healthcare,vending machine,healthcare | coin machine,2,2,0.571,in_progress,visual_reasoning/experiment_1/images/k4/031.png
031,5,2.368,healthcare access,vending machine,healthcare | coin machine,2,2,0.429,in_progress,visual_reasoning/experiment_1/images/k5/031.png
031,6,4.393,healthcare access,vending machine,healthcare | coin machine,2,2,0.714,in_progress,visual_reasoning/experiment_1/images/k6/031.png
031,7,2.639,healthcare access,locked vending machine,healthcare | coin machine,1,2,0.429,in_progress,visual_reasoning/experiment_1/images/k7/031.png
031,8,2.926,healthcare access,vending machine,healthcare | coin machine,2,2,0.429,in_progress,visual_reasoning/experiment_1/images/k8/031.png
031,9,2.139,healthcare access,vending machine,healthcare | coin machine,2,2,0.429,in_progress,visual_reasoning/experiment_1/images/k9/031.png
031,10,2.544,healthcare access,vending machine,healthcare | coin machine,2,2,0.429,in_progress,visual_reasoning/experiment_1/images/k10/031.png
032,1,1.694,loch ness monster,donut,donut | loch ness monster,2,2,0.286,in_progress,visual_reasoning/experiment_1/images/k1/032.png
032,2,2.891,loch ness monster,donut,donut | loch ness monster,2,2,0.429,in_progress,visual_reasoning/experiment_1/images/k2/032.png
032,3,1.637,indulgence,natural force,donut | loch ness monster,0,2,0.286,in_progress,visual_reasoning/experiment_1/images/k3/032.png
032,4,3.629,food craving,sea monster,donut | loch ness monster,1,2,0.571,in_progress,visual_reasoning/experiment_1/images/k4/032.png
032,5,1.727,junk food addiction,sea monster,donut | loch ness monster,1,2,0.286,in_progress,visual_reasoning/experiment_1/images/k5/032.png
032,6,1.794,krispy kreme donuts,loch ness monster,donut | loch ness monster,2,2,0.333,in_progress,visual_reasoning/experiment_1/images/k6/032.png
032,7,2.383,loch ness monster,donuts,donut | loch ness monster,2,2,0.429,in_progress,visual_reasoning/experiment_1/images/k7/032.png
032,8,2.78,loch ness monster,donuts,donut | loch ness monster,2,2,0.375,in_progress,visual_reasoning/experiment_1/images/k8/032.png
032,9,1.767,donut addiction,sea monster,donut | loch ness monster,2,2,0.286,in_progress,visual_reasoning/experiment_1/images/k9/032.png
032,10,0.902,loch ness monster,donuts,donut | loch ness monster,2,2,0.143,in_progress,visual_reasoning/experiment_1/images/k10/032.png
033,1,3.348,competition,donut,donut | arrest your hunger,1,2,0.571,flattened,visual_reasoning/experiment_1/images/k1/033.png
033,2,2.674,food temptation,magnetic attraction,donut | arrest your hunger,1,2,0.429,flattened,visual_reasoning/experiment_1/images/k2/033.png
033,3,5.508,food temptation,golden treasure,donut | arrest your hunger,1,2,0.714,flattened,visual_reasoning/experiment_1/images/k3/033.png
033,4,1.522,food temptation resistance,physical combat,donut | arrest your hunger,1,2,0.286,flattened,visual_reasoning/experiment_1/images/k4/033.png
033,5,2.272,food craving,gold,donut | arrest your hunger,1,2,0.286,flattened,visual_reasoning/experiment_1/images/k5/033.png
033,6,1.817,dietary temptation,glowing sacred donut,donut | arrest your hunger,2,2,0.286,flattened,visual_reasoning/experiment_1/images/k6/033.png
033,7,1.805,food temptation,battle,donut | arrest your hunger,1,2,0.286,flattened,visual_reasoning/experiment_1/images/k7/033.png
034,1,1.711,snacking,epic adventure,eating chips | flavor adventure,1,2,0.286,in_progress,visual_reasoning/experiment_1/images/k1/034.png
034,2,0.993,doritos,explosive action adventure,eating chips | flavor adventure,0,2,0.143,in_progress,visual_reasoning/experiment_1/images/k2/034.png
034,3,1.161,doritos,action adventure,eating chips | flavor adventure,0,2,0.143,in_progress,visual_reasoning/experiment_1/images/k3/034.png
034,4,2.019,spicy snack flavor,volcanic explosion,eating chips | flavor adventure,0,2,0.286,in_progress,visual_reasoning/experiment_1/images/k4/034.png
034,5,1.934,doritos flavor experience,epic fantasy adventure,eating chips | flavor adventure,1,2,0.429,in_progress,visual_reasoning/experiment_1/images/k5/034.png
034,6,1.861,spicy flavor,action adventure,eating chips | flavor adventure,0,2,0.286,in_progress,visual_reasoning/experiment_1/images/k6/034.png
034,7,1.768,spicy food intensity,volcanic explosion,eating chips | flavor adventure,0,2,0.286,in_progress,visual_reasoning/experiment_1/images/k7/034.png
034,8,2.535,spicy snack experience,extreme adventure,eating chips | flavor adventure,0,2,0.429,in_progress,visual_reasoning/experiment_1/images/k8/034.png
034,9,1.46,spicy snack experience,dangerous adventure,eating chips | flavor adventure,0,2,0.333,in_progress,visual_reasoning/experiment_1/images/k9/034.png
034,10,1.364,spicy snack,volcanic landscape,eating chips | flavor adventure,0,2,0.286,in_progress,visual_reasoning/experiment_1/images/k10/034.png
035,1,1.121,purity,white rose,dove cream | flower,1,2,0.143,in_progress,visual_reasoning/experiment_1/images/k1/035.png
035,2,1.91,skin moisturization,flower blooming,dove cream | flower,2,2,0.286,in_progress,visual_reasoning/experiment_1/images/k2/035.png
035,3,1.743,skin hydration,flower revival,dove cream | flower,1,2,0.286,in_progress,visual_reasoning/experiment_1/images/k3/035.png
035,4,4.071,skin moisturization,flower revival,dove cream | flower,2,2,0.714,in_progress,visual_reasoning/experiment_1/images/k4/035.png
035,5,4.378,skin moisturization,flower revival,dove cream | flower,2,2,0.571,in_progress,visual_reasoning/experiment_1/images/k5/035.png
035,6,2.89,skin moisturization,flower petals,dove cream | flower,2,2,0.429,in_progress,visual_reasoning/experiment_1/images/k6/035.png
035,7,1.511,dove body cream,blooming flower,dove cream | flower,2,2,0.286,in_progress,visual_reasoning/experiment_1/images/k7/035.png
035,8,1.046,skin moisturization,blooming flower,dove cream | flower,2,2,0.143,in_progress,visual_reasoning/experiment_1/images/k8/035.png
035,9,1.65,dove soap,flower,dove cream | flower,2,2,0.286,in_progress,visual_reasoning/experiment_1/images/k9/035.png
035,10,2.579,skin moisturization,blooming flower,dove cream | flower,2,2,0.429,in_progress,visual_reasoning/experiment_1/images/k10/035.png
036,1,4.337,kitchen chaos,car crash,drunk driving | car crash,1,2,0.571,generation_failed,visual_reasoning/experiment_1/images/k1/036.png
036,2,1.989,culinary failure,car crash,drunk driving | car crash,1,2,0.286,generation_failed,visual_reasoning/experiment_1/images/k2/036.png
036,3,2.074,drunk driving,recipe for disaster,drunk driving | car crash,1,2,0.286,generation_failed,visual_reasoning/experiment_1/images/k3/036.png
036,4,2.62,drunk driving,recipe,drunk driving | car crash,1,2,0.429,generation_failed,visual_reasoning/experiment_1/images/k4/036.png
036,5,0.0,drunk driving consequences,recipe book,drunk driving | car crash,1,2,0.0,generation_failed,visual_reasoning/experiment_1/images/k5/036.png
037,1,1.154,sound experience,light energy waves,headphones | pushing music,0,2,0.143,flattened,visual_reasoning/experiment_1/images/k1/037.png
037,2,1.557,sony headphones,flowing light energy,headphones | pushing music,1,2,0.286,flattened,visual_reasoning/experiment_1/images/k2/037.png
037,3,2.589,music listening experience,light and fire,headphones | pushing music,0,2,0.429,flattened,visual_reasoning/experiment_1/images/k3/037.png
037,4,2.487,music listening experience,light beam,headphones | pushing music,0,2,0.429,flattened,visual_reasoning/experiment_1/images/k4/037.png
037,5,1.56,music listening experience,fire,headphones | pushing music,0,2,0.286,flattened,visual_reasoning/experiment_1/images/k5/037.png
037,6,0.983,music listening experience,explosion,headphones | pushing music,0,2,0.143,flattened,visual_reasoning/experiment_1/images/k6/037.png
037,7,0.961,music listening experience,fire and sparks,headphones | pushing music,0,2,0.143,flattened,visual_reasoning/experiment_1/images/k7/037.png
038,1,4.499,head injury risk,cracked glass sculpture,head without helmet | cracked egg,0,2,0.714,generation_failed,visual_reasoning/experiment_1/images/k1/038.png
039,1,2.774,death of literature,funeral procession,digital entertainment | funeral,1,2,0.429,flattened,visual_reasoning/experiment_1/images/k1/039.png
039,2,1.733,death of reading,funeral procession,digital entertainment | funeral,1,2,0.286,flattened,visual_reasoning/experiment_1/images/k2/039.png
039,3,4.484,death of reading culture,funeral procession,digital entertainment | funeral,1,2,0.571,flattened,visual_reasoning/experiment_1/images/k3/039.png
039,4,2.51,death of reading,funeral,digital entertainment | funeral,1,2,0.429,flattened,visual_reasoning/experiment_1/images/k4/039.png
039,5,2.529,decline of reading,funeral,digital entertainment | funeral,1,2,0.429,flattened,visual_reasoning/experiment_1/images/k5/039.png
044,1,2.559,cognitive enhancement,fueling a machine,coca cola | fuel,1,2,0.429,in_progress,visual_reasoning/experiment_1/images/k1/044.png
044,2,1.917,brain stimulation,coca-cola,coca cola | fuel,1,2,0.333,in_progress,visual_reasoning/experiment_1/images/k2/044.png
044,3,2.189,cognitive energy,internal combustion engine,coca cola | fuel,0,2,0.286,in_progress,visual_reasoning/experiment_1/images/k3/044.png
044,4,0.0,mental stimulation,coca-cola,coca cola | fuel,1,2,0.0,in_progress,visual_reasoning/experiment_1/images/k4/044.png
044,5,1.133,creative inspiration,coca-cola,coca cola | fuel,1,2,0.143,in_progress,visual_reasoning/experiment_1/images/k5/044.png
044,6,1.55,mental energy and creativity,coca-cola,coca cola | fuel,1,2,0.286,in_progress,visual_reasoning/experiment_1/images/k6/044.png
044,7,2.447,mental energy,fuel tank,coca cola | fuel,1,2,0.429,in_progress,visual_reasoning/experiment_1/images/k7/044.png
044,8,1.495,mental energy,coca-cola,coca cola | fuel,1,2,0.286,in_progress,visual_reasoning/experiment_1/images/k8/044.png
044,9,2.758,mental energy,rocket fuel,coca cola | fuel,1,2,0.429,in_progress,visual_reasoning/experiment_1/images/k9/044.png
044,10,1.101,mental energy,coca-cola,coca cola | fuel,1,2,0.143,in_progress,visual_reasoning/experiment_1/images/k10/044.png
045,1,3.453,deception,candy wonderland,sweet tooth | predator,0,2,0.429,in_progress,visual_reasoning/experiment_1/images/k1/045.png
045,2,3.508,sugar addiction,predatory monster,sweet tooth | predator,2,2,0.571,in_progress,visual_reasoning/experiment_1/images/k2/045.png
045,3,2.705,tooth decay,monster attack,sweet tooth | predator,0,2,0.429,in_progress,visual_reasoning/experiment_1/images/k3/045.png
045,4,4.76,tooth decay,monster siege,sweet tooth | predator,0,2,0.714,in_progress,visual_reasoning/experiment_1/images/k4/045.png
045,5,1.715,tooth decay,monster attack,sweet tooth | predator,0,2,0.286,in_progress,visual_reasoning/experiment_1/images/k5/045.png
045,6,1.197,tooth decay,predatory beast,sweet tooth | predator,1,2,0.143,in_progress,visual_reasoning/experiment_1/images/k6/045.png
045,7,4.089,hidden corruption,candy,sweet tooth | predator,1,2,0.571,in_progress,visual_reasoning/experiment_1/images/k7/045.png
045,8,1.303,tooth decay,monstrous beast,sweet tooth | predator,0,2,0.167,in_progress,visual_reasoning/experiment_1/images/k8/045.png
045,9,3.578,tooth decay,monster attack,sweet tooth | predator,0,2,0.571,in_progress,visual_reasoning/experiment_1/images/k9/045.png
045,10,3.031,tooth decay,monster attack,sweet tooth | predator,0,2,0.429,in_progress,visual_reasoning/experiment_1/images/k10/045.png
046,1,3.514,artistic inspiration,magnifying lens,clear vision | art to reality,1,2,0.571,flattened,visual_reasoning/experiment_1/images/k1/046.png
046,2,3.562,creative vision,magnifying lens,clear vision | art to reality,0,2,0.571,flattened,visual_reasoning/experiment_1/images/k2/046.png
047,1,0.907,creativity,nature,pencil | colours of nature,0,2,0.143,flattened,visual_reasoning/experiment_1/images/k1/047.png
047,2,2.639,artistic creation,colored pencils,pencil | colours of nature,1,2,0.429,flattened,visual_reasoning/experiment_1/images/k2/047.png
047,3,1.1,natural beauty,colored pencil drawing,pencil | colours of nature,1,2,0.143,flattened,visual_reasoning/experiment_1/images/k3/047.png
047,4,2.277,artistic creativity,natural landscape,pencil | colours of nature,0,2,0.429,flattened,visual_reasoning/experiment_1/images/k4/047.png
047,5,1.554,creativity,colored pencils,pencil | colours of nature,1,2,0.286,flattened,visual_reasoning/experiment_1/images/k5/047.png
047,6,1.97,artistic creation,colored pencils,pencil | colours of nature,1,2,0.429,flattened,visual_reasoning/experiment_1/images/k6/047.png
047,7,1.102,natural beauty,colored pencils,pencil | colours of nature,1,2,0.143,flattened,visual_reasoning/experiment_1/images/k7/047.png
047,8,1.076,nature,artistic creation,pencil | colours of nature,0,2,0.143,flattened,visual_reasoning/experiment_1/images/k8/047.png
048,1,3.132,adhesion,gecko foot,hair gel | lizard foot,1,2,0.571,in_progress,visual_reasoning/experiment_1/images/k1/048.png
048,2,2.184,hair product adhesion,gecko grip,hair gel | lizard foot,1,2,0.286,in_progress,visual_reasoning/experiment_1/images/k2/048.png
048,3,2.29,gecko adhesion,mechanical lubrication,hair gel | lizard foot,0,2,0.429,in_progress,visual_reasoning/experiment_1/images/k3/048.png
048,4,2.075,marine ecosystem,oil spill,hair gel | lizard foot,0,2,0.286,in_progress,visual_reasoning/experiment_1/images/k4/048.png
048,5,0.0,biological water harvesting,industrial fluid dispensing,hair gel | lizard foot,0,2,0.0,in_progress,visual_reasoning/experiment_1/images/k5/048.png
048,6,7.735,biomimetic adhesive,gecko foot adhesion,hair gel | lizard foot,1,2,1.0,in_progress,visual_reasoning/experiment_1/images/k6/048.png
048,7,0.929,hair gel,gecko adhesion,hair gel | lizard foot,1,2,0.167,in_progress,visual_reasoning/experiment_1/images/k7/048.png
048,8,1.068,gecko foot adhesion,hair gel,hair gel | lizard foot,2,2,0.143,in_progress,visual_reasoning/experiment_1/images/k8/048.png
048,9,4.922,gecko adhesion,fiber brush nozzle,hair gel | lizard foot,0,2,0.571,in_progress,visual_reasoning/experiment_1/images/k9/048.png
048,10,1.235,gecko adhesion,light bulb filament,hair gel | lizard foot,0,2,0.143,in_progress,visual_reasoning/experiment_1/images/k10/048.png
049,1,0.0,food preservation,none,ketchup | fresh tomatoes,0,2,0.0,in_progress,visual_reasoning/experiment_1/images/k1/049.png
049,2,1.726,heinz ketchup,fresh tomatoes,ketchup | fresh tomatoes,2,2,0.333,in_progress,visual_reasoning/experiment_1/images/k2/049.png
049,3,1.137,ketchup,fresh tomatoes,ketchup | fresh tomatoes,2,2,0.167,in_progress,visual_reasoning/experiment_1/images/k3/049.png
049,4,2.094,ketchup,fresh tomatoes,ketchup | fresh tomatoes,2,2,0.5,in_progress,visual_reasoning/experiment_1/images/k4/049.png
049,5,3.264,ketchup naturalness,fresh tomatoes,ketchup | fresh tomatoes,2,2,0.667,in_progress,visual_reasoning/experiment_1/images/k5/049.png
049,6,1.276,natural ingredients,fresh tomatoes,ketchup | fresh tomatoes,1,2,0.143,in_progress,visual_reasoning/experiment_1/images/k6/049.png
049,7,2.426,ketchup,fresh tomatoes,ketchup | fresh tomatoes,2,2,0.286,in_progress,visual_reasoning/experiment_1/images/k7/049.png
049,8,0.96,ketchup,fresh tomatoes,ketchup | fresh tomatoes,2,2,0.143,in_progress,visual_reasoning/experiment_1/images/k8/049.png
049,9,2.093,product naturalness,real tomatoes,ketchup | fresh tomatoes,1,2,0.333,in_progress,visual_reasoning/experiment_1/images/k9/049.png
049,10,2.797,ketchup,fresh tomatoes,ketchup | fresh tomatoes,2,2,0.5,in_progress,visual_reasoning/experiment_1/images/k10/049.png
050,1,4.829,car cargo capacity,warehouse,suv trunk | dimensional fold,1,2,0.714,flattened,visual_reasoning/experiment_1/images/k1/050.png
050,2,2.391,car cargo space,wormhole,suv trunk | dimensional fold,1,2,0.429,flattened,visual_reasoning/experiment_1/images/k2/050.png
050,3,2.875,automotive power,explosive energy,suv trunk | dimensional fold,0,2,0.429,flattened,visual_reasoning/experiment_1/images/k3/050.png
050,4,0.0,car trunk,wormhole,suv trunk | dimensional fold,1,2,0.0,flattened,visual_reasoning/experiment_1/images/k4/050.png
050,5,1.963,cargo space,black hole,suv trunk | dimensional fold,1,2,0.286,flattened,visual_reasoning/experiment_1/images/k5/050.png
050,6,1.735,cargo space,infinite vortex,suv trunk | dimensional fold,1,2,0.286,flattened,visual_reasoning/experiment_1/images/k6/050.png
050,7,1.266,cargo space,infinite tunnel,suv trunk | dimensional fold,1,2,0.143,flattened,visual_reasoning/experiment_1/images/k7/050.png
050,8,1.273,car cargo space,cave,suv trunk | dimensional fold,1,2,0.143,flattened,visual_reasoning/experiment_1/images/k8/050.png
051,1,2.183,conflict of opposites,fire and ice,ice melting | missile,0,2,0.286,flattened,visual_reasoning/experiment_1/images/k1/051.png
051,2,2.41,unsustainable ambition,ice rocket,ice melting | missile,0,2,0.429,flattened,visual_reasoning/experiment_1/images/k2/051.png
051,3,2.29,climate change,rocket launch,ice melting | missile,0,2,0.333,flattened,visual_reasoning/experiment_1/images/k3/051.png
051,4,2.533,glacier melting,rocket launch,ice melting | missile,1,2,0.5,flattened,visual_reasoning/experiment_1/images/k4/051.png
051,5,3.456,climate change,industrial melting of glaciers,ice melting | missile,1,2,0.5,flattened,visual_reasoning/experiment_1/images/k5/051.png
051,6,2.71,global warming,rocket launch,ice melting | missile,0,2,0.429,flattened,visual_reasoning/experiment_1/images/k6/051.png
051,7,1.079,climate change,rocket launch,ice melting | missile,0,2,0.143,flattened,visual_reasoning/experiment_1/images/k7/051.png
051,8,2.57,climate change,melting glacier,ice melting | missile,1,2,0.333,flattened,visual_reasoning/experiment_1/images/k8/051.png
051,9,2.593,climate change,melting rocket,ice melting | missile,0,2,0.5,flattened,visual_reasoning/experiment_1/images/k9/051.png
052,1,3.056,arctic ecosystem collapse,crumbling ice,polar bear | fracturing iceberg,1,2,0.429,in_progress,visual_reasoning/experiment_1/images/k1/052.png
052,2,3.624,climate change,melting ice,polar bear | fracturing iceberg,1,2,0.571,in_progress,visual_reasoning/experiment_1/images/k2/052.png
052,3,2.641,climate change,melting ice,polar bear | fracturing iceberg,1,2,0.429,in_progress,visual_reasoning/experiment_1/images/k3/052.png
052,4,4.418,climate change,melting ice,polar bear | fracturing iceberg,1,2,0.571,in_progress,visual_reasoning/experiment_1/images/k4/052.png
052,5,2.59,climate change,melting ice sculpture,polar bear | fracturing iceberg,0,2,0.375,in_progress,visual_reasoning/experiment_1/images/k5/052.png
052,6,2.814,climate change impact on arctic wildlife,melting glacier,polar bear | fracturing iceberg,1,2,0.286,in_progress,visual_reasoning/experiment_1/images/k6/052.png
052,7,2.913,climate change,crumbling ice,polar bear | fracturing iceberg,1,2,0.429,in_progress,visual_reasoning/experiment_1/images/k7/052.png
052,8,1.984,climate change,melting glacier,polar bear | fracturing iceberg,1,2,0.286,in_progress,visual_reasoning/experiment_1/images/k8/052.png
052,9,3.037,climate change,melting ice,polar bear | fracturing iceberg,1,2,0.429,in_progress,visual_reasoning/experiment_1/images/k9/052.png
052,10,3.688,climate change impact on arctic wildlife,melting glacier,polar bear | fracturing iceberg,1,2,0.429,in_progress,visual_reasoning/experiment_1/images/k10/052.png
053,1,1.428,creative inspiration,beer,beer | good idea,1,2,0.143,in_progress,visual_reasoning/experiment_1/images/k1/053.png
053,2,1.893,brainstorming,beer brewing,beer | good idea,1,2,0.286,in_progress,visual_reasoning/experiment_1/images/k2/053.png
053,3,3.546,creative inspiration,beer,beer | good idea,1,2,0.571,in_progress,visual_reasoning/experiment_1/images/k3/053.png
053,4,2.276,bad decision,beer,beer | good idea,1,2,0.429,in_progress,visual_reasoning/experiment_1/images/k4/053.png
053,5,1.004,creative inspiration,beer,beer | good idea,1,2,0.167,in_progress,visual_reasoning/experiment_1/images/k5/053.png
053,6,1.969,creative thinking,beer,beer | good idea,1,2,0.429,in_progress,visual_reasoning/experiment_1/images/k6/053.png
053,7,0.0,creative inspiration,beer,beer | good idea,1,2,0.0,in_progress,visual_reasoning/experiment_1/images/k7/053.png
053,8,4.784,creative thinking,fueled engine,beer | good idea,0,2,0.714,in_progress,visual_reasoning/experiment_1/images/k8/053.png
053,9,2.083,creative thinking,beer,beer | good idea,1,2,0.333,in_progress,visual_reasoning/experiment_1/images/k9/053.png
053,10,2.107,creative inspiration,beer,beer | good idea,1,2,0.286,in_progress,visual_reasoning/experiment_1/images/k10/053.png
054,1,0.953,quality sleep,warm glowing light,pillow | sleep supplements,1,2,0.143,flattened,visual_reasoning/experiment_1/images/k1/054.png
054,2,0.959,sleep quality,vitamins and supplements,pillow | sleep supplements,0,2,0.143,flattened,visual_reasoning/experiment_1/images/k2/054.png
055,1,3.378,inner fears,shadow monsters,fear | monster,2,2,0.571,in_progress,visual_reasoning/experiment_1/images/k1/055.png
055,2,2.015,fear,monster shadow,fear | monster,2,2,0.286,in_progress,visual_reasoning/experiment_1/images/k2/055.png
055,3,2.916,fear,shadow monsters,fear | monster,2,2,0.429,in_progress,visual_reasoning/experiment_1/images/k3/055.png
055,4,2.12,inner fears,shadow monsters,fear | monster,2,2,0.429,in_progress,visual_reasoning/experiment_1/images/k4/055.png
055,5,1.959,fear,shadow monster,fear | monster,2,2,0.286,in_progress,visual_reasoning/experiment_1/images/k5/055.png
055,6,3.99,inner fears,shadow monsters,fear | monster,2,2,0.571,in_progress,visual_reasoning/experiment_1/images/k6/055.png
055,7,2.143,fear and anxiety,darkness dispelled by light,fear | monster,1,2,0.286,in_progress,visual_reasoning/experiment_1/images/k7/055.png
055,8,1.27,inner demons,lantern driving away darkness,fear | monster,0,2,0.143,in_progress,visual_reasoning/experiment_1/images/k8/055.png
055,9,2.209,childhood fear,dark monster,fear | monster,2,2,0.429,in_progress,visual_reasoning/experiment_1/images/k9/055.png
055,10,0.957,childhood fear,monster,fear | monster,2,2,0.143,in_progress,visual_reasoning/experiment_1/images/k10/055.png
056,1,1.774,overcoming obstacles,ironing,iron | dunes in the desert,1,2,0.286,in_progress,visual_reasoning/experiment_1/images/k1/056.png
056,2,0.918,desert heat,clothes iron,iron | dunes in the desert,1,2,0.143,in_progress,visual_reasoning/experiment_1/images/k2/056.png
056,3,1.836,extreme heat,clothes iron,iron | dunes in the desert,1,2,0.286,in_progress,visual_reasoning/experiment_1/images/k3/056.png
056,4,1.443,extreme heat,clothes iron,iron | dunes in the desert,1,2,0.286,in_progress,visual_reasoning/experiment_1/images/k4/056.png
056,5,1.252,extreme heat,clothes iron,iron | dunes in the desert,1,2,0.167,in_progress,visual_reasoning/experiment_1/images/k5/056.png
056,6,1.487,extreme heat,clothes iron,iron | dunes in the desert,1,2,0.286,in_progress,visual_reasoning/experiment_1/images/k6/056.png
056,7,2.572,global warming,clothes iron,iron | dunes in the desert,1,2,0.429,in_progress,visual_reasoning/experiment_1/images/k7/056.png
056,8,1.407,extreme heat,steam iron,iron | dunes in the desert,1,2,0.286,in_progress,visual_reasoning/experiment_1/images/k8/056.png
056,9,1.984,extreme heat,clothes iron,iron | dunes in the desert,1,2,0.333,in_progress,visual_reasoning/experiment_1/images/k9/056.png
056,10,1.475,desert heat,clothes iron,iron | dunes in the desert,1,2,0.286,in_progress,visual_reasoning/experiment_1/images/k10/056.png
057,1,1.913,raw power,sports car,vehicle | horse,1,2,0.286,in_progress,visual_reasoning/experiment_1/images/k1/057.png
057,2,4.991,automotive power,horse,vehicle | horse,1,2,0.714,in_progress,visual_reasoning/experiment_1/images/k2/057.png
057,3,2.694,automotive performance,horse,vehicle | horse,1,2,0.429,in_progress,visual_reasoning/experiment_1/images/k3/057.png
057,4,4.127,engine power,horse,vehicle | horse,1,2,0.571,in_progress,visual_reasoning/experiment_1/images/k4/057.png
057,5,2.553,engine power,horse,vehicle | horse,1,2,0.286,in_progress,visual_reasoning/experiment_1/images/k5/057.png
057,6,2.301,speed,jet-powered horse,vehicle | horse,1,2,0.5,in_progress,visual_reasoning/experiment_1/images/k6/057.png
057,7,2.917,engine power,horse,vehicle | horse,1,2,0.429,in_progress,visual_reasoning/experiment_1/images/k7/057.png
057,8,3.841,automotive power,horse,vehicle | horse,1,2,0.571,in_progress,visual_reasoning/experiment_1/images/k8/057.png
057,9,3.423,automotive power,horse,vehicle | horse,1,2,0.571,in_progress,visual_reasoning/experiment_1/images/k9/057.png
057,10,4.242,car,horse,vehicle | horse,2,2,0.571,in_progress,visual_reasoning/experiment_1/images/k10/057.png
058,1,2.836,hot sauce,explosion,ketchup | bomb,2,2,0.429,in_progress,visual_reasoning/experiment_1/images/k1/058.png
058,2,1.765,spiciness,explosion,ketchup | bomb,1,2,0.333,in_progress,visual_reasoning/experiment_1/images/k2/058.png
058,3,3.806,hot sauce,bomb,ketchup | bomb,2,2,0.429,in_progress,visual_reasoning/experiment_1/images/k3/058.png
058,4,0.988,hot sauce,bomb,ketchup | bomb,2,2,0.143,in_progress,visual_reasoning/experiment_1/images/k4/058.png
058,5,1.177,hot sauce,bomb,ketchup | bomb,2,2,0.167,in_progress,visual_reasoning/experiment_1/images/k5/058.png
058,6,3.8,ketchup,bomb,ketchup | bomb,2,2,0.667,in_progress,visual_reasoning/experiment_1/images/k6/058.png
058,7,2.774,ketchup,bomb,ketchup | bomb,2,2,0.429,in_progress,visual_reasoning/experiment_1/images/k7/058.png
058,8,0.958,ketchup,bomb,ketchup | bomb,2,2,0.167,in_progress,visual_reasoning/experiment_1/images/k8/058.png
058,9,2.846,ketchup,bomb,ketchup | bomb,2,2,0.429,in_progress,visual_reasoning/experiment_1/images/k9/058.png
058,10,2.492,ketchup,bomb,ketchup | bomb,2,2,0.333,in_progress,visual_reasoning/experiment_1/images/k10/058.png
059,1,0.928,hot sauce,fire,ketchup | flame,2,2,0.143,flattened,visual_reasoning/experiment_1/images/k1/059.png
059,2,1.703,hot sauce,fire,ketchup | flame,2,2,0.286,flattened,visual_reasoning/experiment_1/images/k2/059.png
059,3,1.655,spicy ketchup,fire,ketchup | flame,2,2,0.286,flattened,visual_reasoning/experiment_1/images/k3/059.png
060,1,1.661,air travel,lego bricks,lego bricks | airplane,2,2,0.286,flattened,visual_reasoning/experiment_1/images/k1/060.png
060,2,1.725,aviation,lego construction,lego bricks | airplane,2,2,0.286,flattened,visual_reasoning/experiment_1/images/k2/060.png
060,3,1.678,innovation,lego construction,lego bricks | airplane,1,2,0.286,flattened,visual_reasoning/experiment_1/images/k3/060.png
061,1,2.445,emotional crisis,stormy sea survival,condom | life buoy,0,2,0.286,generation_failed,visual_reasoning/experiment_1/images/k1/061.png
061,2,3.084,sexual protection,ocean rescue,condom | life buoy,1,2,0.429,generation_failed,visual_reasoning/experiment_1/images/k2/061.png
061,3,3.612,sexual protection,life preserver,condom | life buoy,2,2,0.667,generation_failed,visual_reasoning/experiment_1/images/k3/061.png
062,1,1.889,smile,fire,smile | lightbulb,1,2,0.333,in_progress,visual_reasoning/experiment_1/images/k1/062.png
062,2,1.241,smile,light bulbs,smile | lightbulb,2,2,0.143,in_progress,visual_reasoning/experiment_1/images/k2/062.png
062,3,2.851,joy,light bulbs,smile | lightbulb,1,2,0.429,in_progress,visual_reasoning/experiment_1/images/k3/062.png
062,4,1.982,smile,radiant light,smile | lightbulb,1,2,0.286,in_progress,visual_reasoning/experiment_1/images/k4/062.png
062,5,1.161,joy,light bulbs,smile | lightbulb,1,2,0.167,in_progress,visual_reasoning/experiment_1/images/k5/062.png
062,6,2.02,joy,fire,smile | lightbulb,0,2,0.286,in_progress,visual_reasoning/experiment_1/images/k6/062.png
062,7,0.944,happiness,radiant light,smile | lightbulb,1,2,0.143,in_progress,visual_reasoning/experiment_1/images/k7/062.png
062,8,1.083,happiness,light,smile | lightbulb,2,2,0.167,in_progress,visual_reasoning/experiment_1/images/k8/062.png
062,9,3.465,creative inspiration,light bulbs,smile | lightbulb,1,2,0.571,in_progress,visual_reasoning/experiment_1/images/k9/062.png
062,10,2.391,bright smile,light bulbs,smile | lightbulb,2,2,0.5,in_progress,visual_reasoning/experiment_1/images/k10/062.png
063,1,2.133,mass conformity,factory assembly line,education | wood factory,1,2,0.429,flattened,visual_reasoning/experiment_1/images/k1/063.png
063,2,2.143,education system,factory assembly line,education | wood factory,2,2,0.429,flattened,visual_reasoning/experiment_1/images/k2/063.png
064,1,1.433,unhealthy temptation,lollipop,lollipop | apple,1,2,0.286,in_progress,visual_reasoning/experiment_1/images/k1/064.png
064,2,3.547,healthy eating,candy,lollipop | apple,0,2,0.571,in_progress,visual_reasoning/experiment_1/images/k2/064.png
064,3,5.198,healthy food,candy,lollipop | apple,0,2,0.714,in_progress,visual_reasoning/experiment_1/images/k3/064.png
064,4,3.532,apple,lollipop,lollipop | apple,2,2,0.429,in_progress,visual_reasoning/experiment_1/images/k4/064.png
064,5,2.468,healthy food,lollipop,lollipop | apple,1,2,0.429,in_progress,visual_reasoning/experiment_1/images/k5/064.png
064,6,1.543,apple,lollipop,lollipop | apple,2,2,0.286,in_progress,visual_reasoning/experiment_1/images/k6/064.png
064,7,1.853,healthy eating,lollipop,lollipop | apple,1,2,0.286,in_progress,visual_reasoning/experiment_1/images/k7/064.png
064,8,3.707,healthy eating,lollipop,lollipop | apple,1,2,0.429,in_progress,visual_reasoning/experiment_1/images/k8/064.png
064,9,2.665,healthy eating,lollipop,lollipop | apple,1,2,0.429,in_progress,visual_reasoning/experiment_1/images/k9/064.png
064,10,2.838,healthy eating,lollipop,lollipop | apple,1,2,0.5,in_progress,visual_reasoning/experiment_1/images/k10/064.png
065,1,4.377,nutrition,protective shield,healthy diet | preventative medicine,1,2,0.571,in_progress,visual_reasoning/experiment_1/images/k1/065.png
065,2,0.0,nutrition,precious gemstones,healthy diet | preventative medicine,1,2,0.0,in_progress,visual_reasoning/experiment_1/images/k2/065.png
065,3,2.622,nutrition and body health,electrical power circuit,healthy diet | preventative medicine,1,2,0.286,in_progress,visual_reasoning/experiment_1/images/k3/065.png
065,4,0.988,healthy diet,protective shield,healthy diet | preventative medicine,1,2,0.143,in_progress,visual_reasoning/experiment_1/images/k4/065.png
065,5,6.136,gut-brain connection,electrical circuit,healthy diet | preventative medicine,0,2,0.714,in_progress,visual_reasoning/experiment_1/images/k5/065.png
065,6,1.764,gut-brain connection,medicine,healthy diet | preventative medicine,1,2,0.222,in_progress,visual_reasoning/experiment_1/images/k6/065.png
065,7,1.535,gut-brain connection,nutrition as fuel,healthy diet | preventative medicine,0,2,0.286,in_progress,visual_reasoning/experiment_1/images/k7/065.png
065,8,4.68,gut-brain connection,power circuit,healthy diet | preventative medicine,0,2,0.714,in_progress,visual_reasoning/experiment_1/images/k8/065.png
065,9,1.471,brain health,gut nutrition,healthy diet | preventative medicine,0,2,0.333,in_progress,visual_reasoning/experiment_1/images/k9/065.png
065,10,2.248,brain health,natural nutrition,healthy diet | preventative medicine,0,2,0.286,in_progress,visual_reasoning/experiment_1/images/k10/065.png
066,1,0.936,healthcare compassion,garbage,refusing organ donation | trash,1,2,0.143,generation_failed,visual_reasoning/experiment_1/images/k1/066.png
066,2,3.274,neglect of elderly patients,garbage disposal,refusing organ donation | trash,0,2,0.429,generation_failed,visual_reasoning/experiment_1/images/k2/066.png
067,1,4.524,liberation,wall demolition,power drill | nelson mandela,0,2,0.571,in_progress,visual_reasoning/experiment_1/images/k1/067.png
067,2,2.618,nelson mandela,drill,power drill | nelson mandela,2,2,0.429,in_progress,visual_reasoning/experiment_1/images/k2/067.png
067,3,1.839,liberation from oppression,breaking through barrier,power drill | nelson mandela,0,2,0.286,in_progress,visual_reasoning/experiment_1/images/k3/067.png
067,4,2.33,liberation from oppression,breaking through a wall,power drill | nelson mandela,0,2,0.429,in_progress,visual_reasoning/experiment_1/images/k4/067.png
067,5,2.583,apartheid,wall demolition,power drill | nelson mandela,0,2,0.429,in_progress,visual_reasoning/experiment_1/images/k5/067.png
067,6,3.243,dismantling of apartheid,power drill breaking wall,power drill | nelson mandela,1,2,0.429,in_progress,visual_reasoning/experiment_1/images/k6/067.png
067,7,2.517,anti-apartheid resistance,drill breaking through wall,power drill | nelson mandela,1,2,0.429,in_progress,visual_reasoning/experiment_1/images/k7/067.png
067,8,2.977,anti-apartheid struggle,wall demolition,power drill | nelson mandela,0,2,0.429,in_progress,visual_reasoning/experiment_1/images/k8/067.png
067,9,1.625,nelson mandela,power drill,power drill | nelson mandela,2,2,0.286,in_progress,visual_reasoning/experiment_1/images/k9/067.png
067,10,2.893,apartheid,wall being drilled through,power drill | nelson mandela,0,2,0.429,in_progress,visual_reasoning/experiment_1/images/k10/067.png
068,1,1.082,food,balloons,mayonnaise | helium balloons,1,2,0.143,in_progress,visual_reasoning/experiment_1/images/k1/068.png
068,2,2.108,hellmann's mayonnaise,balloons,mayonnaise | helium balloons,2,2,0.286,in_progress,visual_reasoning/experiment_1/images/k2/068.png
068,3,0.0,hellmann's mayonnaise,balloon floating in sky,mayonnaise | helium balloons,2,2,0.0,in_progress,visual_reasoning/experiment_1/images/k3/068.png
068,4,1.59,mayonnaise,balloons,mayonnaise | helium balloons,2,2,0.286,in_progress,visual_reasoning/experiment_1/images/k4/068.png
068,5,1.033,hellmann's mayonnaise,balloons,mayonnaise | helium balloons,2,2,0.143,in_progress,visual_reasoning/experiment_1/images/k5/068.png
068,6,0.0,burger,balloon,mayonnaise | helium balloons,1,2,0.0,in_progress,visual_reasoning/experiment_1/images/k6/068.png
068,7,2.653,burger,balloon,mayonnaise | helium balloons,1,2,0.429,in_progress,visual_reasoning/experiment_1/images/k7/068.png
068,8,2.117,mayonnaise indulgence,celebration,mayonnaise | helium balloons,1,2,0.429,in_progress,visual_reasoning/experiment_1/images/k8/068.png
068,9,3.102,hellmann's mayonnaise,birthday celebration,mayonnaise | helium balloons,1,2,0.5,in_progress,visual_reasoning/experiment_1/images/k9/068.png
068,10,1.956,hellmann's mayonnaise,birthday celebration,mayonnaise | helium balloons,1,2,0.429,in_progress,visual_reasoning/experiment_1/images/k10/068.png
069,1,2.888,mccafe coffee,car engine,coffee | fuel,1,2,0.571,in_progress,visual_reasoning/experiment_1/images/k1/069.png
069,2,1.923,coffee as energy,vehicle fuel,coffee | fuel,2,2,0.286,in_progress,visual_reasoning/experiment_1/images/k2/069.png
069,3,2.044,caffeine energy boost,electric power surge,coffee | fuel,0,2,0.286,in_progress,visual_reasoning/experiment_1/images/k3/069.png
069,4,1.927,coffee energy boost,electrical charging,coffee | fuel,1,2,0.333,in_progress,visual_reasoning/experiment_1/images/k4/069.png
069,5,1.831,coffee energy boost,fuel,coffee | fuel,2,2,0.286,in_progress,visual_reasoning/experiment_1/images/k5/069.png
069,6,4.561,coffee energy boost,fuel for vehicles,coffee | fuel,2,2,0.571,in_progress,visual_reasoning/experiment_1/images/k6/069.png
069,7,1.008,coffee energy boost,explosion,coffee | fuel,1,2,0.143,in_progress,visual_reasoning/experiment_1/images/k7/069.png
069,8,4.546,human energy,fuel,coffee | fuel,1,2,0.571,in_progress,visual_reasoning/experiment_1/images/k8/069.png
069,9,1.992,energy and alertness,fuel gauge,coffee | fuel,0,2,0.286,in_progress,visual_reasoning/experiment_1/images/k9/069.png
069,10,2.093,mccafé coffee energy boost,fuel for vehicle,coffee | fuel,1,2,0.286,in_progress,visual_reasoning/experiment_1/images/k10/069.png
070,1,3.371,desperation,french fries,fry | cigarette,0,2,0.429,in_progress,visual_reasoning/experiment_1/images/k1/070.png
070,2,1.077,nicotine addiction,desperate craving,fry | cigarette,1,2,0.143,in_progress,visual_reasoning/experiment_1/images/k2/070.png
070,3,1.948,junk food addiction,cigarette smoking,fry | cigarette,1,2,0.286,in_progress,visual_reasoning/experiment_1/images/k3/070.png
070,4,5.051,fast food addiction,smoking,fry | cigarette,1,2,0.571,in_progress,visual_reasoning/experiment_1/images/k4/070.png
070,5,4.302,junk food addiction,smoking,fry | cigarette,1,2,0.571,in_progress,visual_reasoning/experiment_1/images/k5/070.png
070,6,3.171,junk food addiction,smoking,fry | cigarette,1,2,0.429,in_progress,visual_reasoning/experiment_1/images/k6/070.png
070,7,5.307,fast food addiction,smoking addiction,fry | cigarette,1,2,0.571,in_progress,visual_reasoning/experiment_1/images/k7/070.png
070,8,5.989,junk food addiction,smoking addiction,fry | cigarette,1,2,0.714,in_progress,visual_reasoning/experiment_1/images/k8/070.png
070,9,2.763,fast food addiction,cigarette smoking,fry | cigarette,1,2,0.429,in_progress,visual_reasoning/experiment_1/images/k9/070.png
070,10,2.088,fast food addiction,smoking addiction,fry | cigarette,1,2,0.286,in_progress,visual_reasoning/experiment_1/images/k10/070.png
071,1,2.713,coffee energy,fire,coffee beans | heavy eyelids,0,2,0.429,in_progress,visual_reasoning/experiment_1/images/k1/071.png
071,2,1.051,caffeine alertness,coffee beans,coffee beans | heavy eyelids,1,2,0.167,in_progress,visual_reasoning/experiment_1/images/k2/071.png
071,3,1.556,alertness,coffee,coffee beans | heavy eyelids,1,2,0.333,in_progress,visual_reasoning/experiment_1/images/k3/071.png
071,4,2.422,caffeine stimulation,fire,coffee beans | heavy eyelids,0,2,0.5,in_progress,visual_reasoning/experiment_1/images/k4/071.png
071,5,1.02,caffeine energy,explosion,coffee beans | heavy eyelids,0,2,0.167,in_progress,visual_reasoning/experiment_1/images/k5/071.png
071,6,2.109,mental alertness,coffee,coffee beans | heavy eyelids,1,2,0.429,in_progress,visual_reasoning/experiment_1/images/k6/071.png
071,7,0.973,wakefulness,coffee,coffee beans | heavy eyelids,1,2,0.143,in_progress,visual_reasoning/experiment_1/images/k7/071.png
071,8,3.058,wakefulness,coffee,coffee beans | heavy eyelids,1,2,0.5,in_progress,visual_reasoning/experiment_1/images/k8/071.png
071,9,1.581,alertness,coffee,coffee beans | heavy eyelids,1,2,0.333,in_progress,visual_reasoning/experiment_1/images/k9/071.png
071,10,3.24,alertness,coffee,coffee beans | heavy eyelids,1,2,0.429,in_progress,visual_reasoning/experiment_1/images/k10/071.png
072,1,2.12,natural landscape,cooking ingredients,earth | kitchen prep station,0,2,0.429,in_progress,visual_reasoning/experiment_1/images/k1/072.png
072,2,1.921,exploitation of earth,cooking,earth | kitchen prep station,1,2,0.286,in_progress,visual_reasoning/experiment_1/images/k2/072.png
072,3,3.483,earth stewardship,culinary preparation,earth | kitchen prep station,1,2,0.444,in_progress,visual_reasoning/experiment_1/images/k3/072.png
072,4,0.0,ecosystems,cooking,earth | kitchen prep station,0,2,0.0,in_progress,visual_reasoning/experiment_1/images/k4/072.png
072,5,1.721,exploitation of earth's resources,food preparation,earth | kitchen prep station,1,2,0.286,in_progress,visual_reasoning/experiment_1/images/k5/072.png
072,6,2.224,exploitation of earth's resources,food preparation,earth | kitchen prep station,1,2,0.286,in_progress,visual_reasoning/experiment_1/images/k6/072.png
072,7,3.554,exploitation of earth,cooking,earth | kitchen prep station,1,2,0.571,in_progress,visual_reasoning/experiment_1/images/k7/072.png
072,8,2.224,earth's resources,food preparation,earth | kitchen prep station,1,2,0.429,in_progress,visual_reasoning/experiment_1/images/k8/072.png
072,9,1.757,earth,food preparation,earth | kitchen prep station,2,2,0.286,in_progress,visual_reasoning/experiment_1/images/k9/072.png
072,10,3.016,earth exploitation,food preparation,earth | kitchen prep station,2,2,0.571,in_progress,visual_reasoning/experiment_1/images/k10/072.png
073,1,1.436,farmer,wheat,harvester | crop,1,2,0.286,in_progress,visual_reasoning/experiment_1/images/k1/073.png
073,2,2.54,labor exploitation,wheat harvest,harvester | crop,1,2,0.429,in_progress,visual_reasoning/experiment_1/images/k2/073.png
073,3,2.159,worker exploitation,crop harvesting,harvester | crop,1,2,0.286,in_progress,visual_reasoning/experiment_1/images/k3/073.png
073,4,3.163,corporate exploitation of farmers,predatory monster devouring prey,harvester | crop,0,2,0.429,in_progress,visual_reasoning/experiment_1/images/k4/073.png
073,5,5.642,corporate exploitation of workers,crop harvesting,harvester | crop,1,2,0.714,in_progress,visual_reasoning/experiment_1/images/k5/073.png
073,6,4.846,labor exploitation,harvesting,harvester | crop,1,2,0.714,in_progress,visual_reasoning/experiment_1/images/k6/073.png
073,7,2.411,agricultural profit,grain harvesting,harvester | crop,1,2,0.429,in_progress,visual_reasoning/experiment_1/images/k7/073.png
073,8,5.274,financial profit,crop harvesting,harvester | crop,1,2,0.714,in_progress,visual_reasoning/experiment_1/images/k8/073.png
073,9,4.079,mass vehicle production,crop harvesting,harvester | crop,1,2,0.667,in_progress,visual_reasoning/experiment_1/images/k9/073.png
073,10,5.297,mass production of vehicles,crop harvesting,harvester | crop,1,2,0.714,in_progress,visual_reasoning/experiment_1/images/k10/073.png
074,1,1.109,morning motivation,milo,milo coffee | champion,1,2,0.143,flattened,visual_reasoning/experiment_1/images/k1/074.png
074,2,1.075,milo,athletic champion,milo coffee | champion,2,2,0.167,flattened,visual_reasoning/experiment_1/images/k2/074.png
075,1,2.603,freedom,surfing,life | wave to be surfed,0,2,0.429,generation_failed,visual_reasoning/experiment_1/images/k1/075.png
075,2,1.127,human life journey,ocean wave,life | wave to be surfed,1,2,0.143,generation_failed,visual_reasoning/experiment_1/images/k2/075.png
076,1,0.0,bottled water,mountain stream,vodka | nature,0,2,0.0,in_progress,visual_reasoning/experiment_1/images/k1/076.png
076,2,1.453,bottled water,waterfall,vodka | nature,0,2,0.286,in_progress,visual_reasoning/experiment_1/images/k2/076.png
076,3,1.606,vodka,mountain spring water,vodka | nature,1,2,0.286,in_progress,visual_reasoning/experiment_1/images/k3/076.png
076,4,2.289,vodka,nature,vodka | nature,2,2,0.429,in_progress,visual_reasoning/experiment_1/images/k4/076.png
076,5,3.333,vodka purity,natural spring,vodka | nature,1,2,0.571,in_progress,visual_reasoning/experiment_1/images/k5/076.png
076,6,3.136,vodka,wheat distillation,vodka | nature,1,2,0.429,in_progress,visual_reasoning/experiment_1/images/k6/076.png
076,7,1.261,vodka,wheat field,vodka | nature,1,2,0.143,in_progress,visual_reasoning/experiment_1/images/k7/076.png
076,8,3.024,nature,perfume bottle,vodka | nature,1,2,0.429,in_progress,visual_reasoning/experiment_1/images/k8/076.png
076,9,2.833,nature,glass bottle,vodka | nature,1,2,0.429,in_progress,visual_reasoning/experiment_1/images/k9/076.png
076,10,1.273,alcohol addiction,rooted plant,vodka | nature,0,2,0.143,in_progress,visual_reasoning/experiment_1/images/k10/076.png
077,1,0.0,nescafé coffee,fire and electricity,coffee | battery,1,2,0.0,in_progress,visual_reasoning/experiment_1/images/k1/077.png
077,2,5.078,nescafé,battery,coffee | battery,2,2,0.714,in_progress,visual_reasoning/experiment_1/images/k2/077.png
077,3,2.729,coffee energy,battery,coffee | battery,2,2,0.429,in_progress,visual_reasoning/experiment_1/images/k3/077.png
077,4,1.838,coffee energy boost,battery,coffee | battery,2,2,0.286,in_progress,visual_reasoning/experiment_1/images/k4/077.png
077,5,1.542,coffee energy boost,electric battery,coffee | battery,2,2,0.286,in_progress,visual_reasoning/experiment_1/images/k5/077.png
077,6,3.259,coffee energy boost,battery,coffee | battery,2,2,0.429,in_progress,visual_reasoning/experiment_1/images/k6/077.png
077,7,2.674,coffee energy boost,battery,coffee | battery,2,2,0.5,in_progress,visual_reasoning/experiment_1/images/k7/077.png
077,8,3.393,caffeine energy boost,battery,coffee | battery,1,2,0.667,in_progress,visual_reasoning/experiment_1/images/k8/077.png
077,9,2.593,coffee energy boost,battery,coffee | battery,2,2,0.5,in_progress,visual_reasoning/experiment_1/images/k9/077.png
077,10,1.634,nescafé coffee,battery,coffee | battery,2,2,0.333,in_progress,visual_reasoning/experiment_1/images/k10/077.png
078,1,1.406,nature,glass bottle,water | mountain,0,2,0.333,flattened,visual_reasoning/experiment_1/images/k1/078.png
078,2,1.045,evian water,alpine mountain spring,water | mountain,2,2,0.143,flattened,visual_reasoning/experiment_1/images/k2/078.png
078,3,0.997,evian water,mountain,water | mountain,2,2,0.143,flattened,visual_reasoning/experiment_1/images/k3/078.png
079,1,1.275,dry skin,cactus,nivea cream | cactus,1,2,0.143,flattened,visual_reasoning/experiment_1/images/k1/079.png
079,2,4.113,dry skin,cactus,nivea cream | cactus,1,2,0.571,flattened,visual_reasoning/experiment_1/images/k2/079.png
079,3,2.793,dry skin,cactus,nivea cream | cactus,1,2,0.429,flattened,visual_reasoning/experiment_1/images/k3/079.png
079,4,2.705,dry skin,cactus,nivea cream | cactus,1,2,0.429,flattened,visual_reasoning/experiment_1/images/k4/079.png
079,5,1.756,dry skin,cactus,nivea cream | cactus,1,2,0.286,flattened,visual_reasoning/experiment_1/images/k5/079.png
079,6,4.197,dry skin,cactus,nivea cream | cactus,1,2,0.571,flattened,visual_reasoning/experiment_1/images/k6/079.png
079,7,4.031,dry skin,cactus,nivea cream | cactus,1,2,0.571,flattened,visual_reasoning/experiment_1/images/k7/079.png
079,8,2.083,dry skin,cactus,nivea cream | cactus,1,2,0.429,flattened,visual_reasoning/experiment_1/images/k8/079.png
079,9,2.112,dry skin,cactus,nivea cream | cactus,1,2,0.429,flattened,visual_reasoning/experiment_1/images/k9/079.png
080,1,2.438,uprising,toast popping from toaster,human skin in the sun | bread in a toaster,1,2,0.286,generation_failed,visual_reasoning/experiment_1/images/k1/080.png
080,2,1.977,sunburn,toasting bread,human skin in the sun | bread in a toaster,2,2,0.286,generation_failed,visual_reasoning/experiment_1/images/k2/080.png
080,3,6.612,sunburn,bread toasting,human skin in the sun | bread in a toaster,2,2,0.75,generation_failed,visual_reasoning/experiment_1/images/k3/080.png
080,4,6.166,sunburn,bread toasting,human skin in the sun | bread in a toaster,2,2,0.833,generation_failed,visual_reasoning/experiment_1/images/k4/080.png
080,5,0.0,sunburn,toasting bread,human skin in the sun | bread in a toaster,2,2,0.0,generation_failed,visual_reasoning/experiment_1/images/k5/080.png
080,6,0.947,hunger,blazing sun,human skin in the sun | bread in a toaster,0,2,0.143,generation_failed,visual_reasoning/experiment_1/images/k6/080.png
080,7,2.643,self-destruction,toaster,human skin in the sun | bread in a toaster,1,2,0.429,generation_failed,visual_reasoning/experiment_1/images/k7/080.png
081,1,2.911,stubbornness,brick wall,blocked nose | brick wall,1,2,0.429,in_progress,visual_reasoning/experiment_1/images/k1/081.png
081,2,3.203,resilience,brick wall deflecting wind,blocked nose | brick wall,1,2,0.429,in_progress,visual_reasoning/experiment_1/images/k2/081.png
081,3,2.825,cat,brick wall,blocked nose | brick wall,1,2,0.333,in_progress,visual_reasoning/experiment_1/images/k3/081.png
081,4,1.202,nasal congestion,brick wall,blocked nose | brick wall,2,2,0.143,in_progress,visual_reasoning/experiment_1/images/k4/081.png
081,5,2.205,nasal congestion,brick wall,blocked nose | brick wall,2,2,0.286,in_progress,visual_reasoning/experiment_1/images/k5/081.png
081,6,1.972,nasal congestion,brick wall,blocked nose | brick wall,2,2,0.286,in_progress,visual_reasoning/experiment_1/images/k6/081.png
081,7,3.243,nasal congestion,brick wall,blocked nose | brick wall,2,2,0.429,in_progress,visual_reasoning/experiment_1/images/k7/081.png
081,8,2.001,arterial blockage,brick wall,blocked nose | brick wall,1,2,0.286,in_progress,visual_reasoning/experiment_1/images/k8/081.png
081,9,1.419,throat blockage,brick wall,blocked nose | brick wall,2,2,0.286,in_progress,visual_reasoning/experiment_1/images/k9/081.png
081,10,1.617,nasal congestion,brick wall,blocked nose | brick wall,2,2,0.286,in_progress,visual_reasoning/experiment_1/images/k10/081.png
082,1,2.012,imagination,flock of birds,nyquil | flock of sleep,1,2,0.286,in_progress,visual_reasoning/experiment_1/images/k1/082.png
082,2,1.721,hope,medicine spoon,nyquil | flock of sleep,0,2,0.286,in_progress,visual_reasoning/experiment_1/images/k2/082.png
082,3,1.478,drug-induced dreaming,birds in flight,nyquil | flock of sleep,0,2,0.333,in_progress,visual_reasoning/experiment_1/images/k3/082.png
082,4,2.392,healing,birds in flight,nyquil | flock of sleep,0,2,0.286,in_progress,visual_reasoning/experiment_1/images/k4/082.png
082,5,2.623,sleep aid,counting sheep,nyquil | flock of sleep,1,2,0.429,in_progress,visual_reasoning/experiment_1/images/k5/082.png
082,6,2.049,nyquil-induced sleep,stream of sleeping people,nyquil | flock of sleep,2,2,0.286,in_progress,visual_reasoning/experiment_1/images/k6/082.png
082,7,1.208,dreaming,medicine administration,nyquil | flock of sleep,0,2,0.143,in_progress,visual_reasoning/experiment_1/images/k7/082.png
082,8,2.601,nyquil,sleep fairies,nyquil | flock of sleep,2,2,0.429,in_progress,visual_reasoning/experiment_1/images/k8/082.png
082,9,2.344,sleep medication,dream-delivering angels,nyquil | flock of sleep,1,2,0.429,in_progress,visual_reasoning/experiment_1/images/k9/082.png
082,10,3.438,nyquil,magic potion,nyquil | flock of sleep,1,2,0.375,in_progress,visual_reasoning/experiment_1/images/k10/082.png
083,1,1.864,hidden potential,oyster containing treasure,bottle cap | oyster,1,2,0.286,in_progress,visual_reasoning/experiment_1/images/k1/083.png
083,2,2.264,hidden inner beauty,pearl in rusted shell,bottle cap | oyster,0,2,0.429,in_progress,visual_reasoning/experiment_1/images/k2/083.png
083,3,2.054,hidden beauty,pearl in oyster,bottle cap | oyster,1,2,0.429,in_progress,visual_reasoning/experiment_1/images/k3/083.png
083,4,2.675,hidden potential,pearl in oyster,bottle cap | oyster,1,2,0.571,in_progress,visual_reasoning/experiment_1/images/k4/083.png
083,5,2.116,hidden value,pearl in oyster,bottle cap | oyster,1,2,0.429,in_progress,visual_reasoning/experiment_1/images/k5/083.png
083,6,3.066,hidden potential,pearl in shell,bottle cap | oyster,0,2,0.571,in_progress,visual_reasoning/experiment_1/images/k6/083.png
083,7,2.382,hidden potential,pearl in oyster,bottle cap | oyster,1,2,0.429,in_progress,visual_reasoning/experiment_1/images/k7/083.png
083,8,3.985,hidden value in ordinary things,pearl in oyster,bottle cap | oyster,1,2,0.429,in_progress,visual_reasoning/experiment_1/images/k8/083.png
083,9,2.939,hidden opportunity,pearl in oyster,bottle cap | oyster,1,2,0.429,in_progress,visual_reasoning/experiment_1/images/k9/083.png
083,10,2.294,hidden value,pearl in oyster,bottle cap | oyster,1,2,0.429,in_progress,visual_reasoning/experiment_1/images/k10/083.png
084,1,4.64,political policymaking,painter's palette,bread spreads | palette,1,2,0.571,in_progress,visual_reasoning/experiment_1/images/k1/084.png
084,2,2.515,policy making,spreading jam on toast,bread spreads | palette,1,2,0.429,in_progress,visual_reasoning/experiment_1/images/k2/084.png
084,3,3.681,presidential policy-making,cooking,bread spreads | palette,0,2,0.571,in_progress,visual_reasoning/experiment_1/images/k3/084.png
084,4,9.0,culinary creativity,painting,bread spreads | palette,0,2,1.0,in_progress,visual_reasoning/experiment_1/images/k4/084.png
084,5,5.557,food spreading,painting,bread spreads | palette,0,2,0.455,in_progress,visual_reasoning/experiment_1/images/k5/084.png
084,6,3.5,food preparation,painting,bread spreads | palette,0,2,0.429,in_progress,visual_reasoning/experiment_1/images/k6/084.png
084,7,0.0,président dairy products,none,bread spreads | palette,0,2,0.0,in_progress,visual_reasoning/experiment_1/images/k7/084.png
084,8,3.285,toast preparation,artist palette,bread spreads | palette,1,2,0.571,in_progress,visual_reasoning/experiment_1/images/k8/084.png
084,9,3.557,national flag,toast with spreads,bread spreads | palette,1,2,0.5,in_progress,visual_reasoning/experiment_1/images/k9/084.png
084,10,4.515,food spreads,painter's palette,bread spreads | palette,2,2,0.571,in_progress,visual_reasoning/experiment_1/images/k10/084.png
085,1,2.844,revelation,zipper,parship dating site | zipper,1,2,0.429,in_progress,visual_reasoning/experiment_1/images/k1/085.png
085,2,1.664,romantic relationship,zipper,parship dating site | zipper,1,2,0.286,in_progress,visual_reasoning/experiment_1/images/k2/085.png
085,3,1.901,romantic connection,zipper,parship dating site | zipper,1,2,0.286,in_progress,visual_reasoning/experiment_1/images/k3/085.png
085,4,3.176,romantic connection,zipper,parship dating site | zipper,1,2,0.429,in_progress,visual_reasoning/experiment_1/images/k4/085.png
085,5,1.972,romantic connection,zipper,parship dating site | zipper,1,2,0.286,in_progress,visual_reasoning/experiment_1/images/k5/085.png
085,6,2.582,romantic connection,zipper,parship dating site | zipper,1,2,0.429,in_progress,visual_reasoning/experiment_1/images/k6/085.png
085,7,1.533,romantic connection,zipper,parship dating site | zipper,1,2,0.286,in_progress,visual_reasoning/experiment_1/images/k7/085.png
085,8,3.778,romantic love,zipper,parship dating site | zipper,1,2,0.571,in_progress,visual_reasoning/experiment_1/images/k8/085.png
085,9,1.492,romantic connection,zipper,parship dating site | zipper,1,2,0.286,in_progress,visual_reasoning/experiment_1/images/k9/085.png
085,10,2.742,romantic connection,zipper,parship dating site | zipper,1,2,0.429,in_progress,visual_reasoning/experiment_1/images/k10/085.png
086,1,1.147,pepsi,electric energy,pepsi | injection,1,2,0.143,in_progress,visual_reasoning/experiment_1/images/k1/086.png
086,2,1.754,pepsi,drug addiction,pepsi | injection,1,2,0.286,in_progress,visual_reasoning/experiment_1/images/k2/086.png
086,3,1.98,pepsi,drug injection,pepsi | injection,2,2,0.333,in_progress,visual_reasoning/experiment_1/images/k3/086.png
086,4,3.961,pepsi,drug addiction,pepsi | injection,1,2,0.5,in_progress,visual_reasoning/experiment_1/images/k4/086.png
086,5,4.317,pepsi,energy injection,pepsi | injection,2,2,0.571,in_progress,visual_reasoning/experiment_1/images/k5/086.png
086,6,5.019,pepsi,drug injection,pepsi | injection,2,2,0.714,in_progress,visual_reasoning/experiment_1/images/k6/086.png
086,7,6.194,pepsi,electric injection,pepsi | injection,2,2,0.714,in_progress,visual_reasoning/experiment_1/images/k7/086.png
086,8,4.005,soda addiction,drug injection,pepsi | injection,1,2,0.667,in_progress,visual_reasoning/experiment_1/images/k8/086.png
086,9,3.453,soda addiction,drug injection,pepsi | injection,1,2,0.571,in_progress,visual_reasoning/experiment_1/images/k9/086.png
086,10,3.806,soda addiction,drug injection,pepsi | injection,1,2,0.571,in_progress,visual_reasoning/experiment_1/images/k10/086.png
087,1,1.796,perfume,blooming flower,mugler perfume | flower,2,2,0.333,flattened,visual_reasoning/experiment_1/images/k1/087.png
087,2,1.599,mugler perfume,blooming flower,mugler perfume | flower,2,2,0.286,flattened,visual_reasoning/experiment_1/images/k2/087.png
087,3,2.992,perfume,stardust,mugler perfume | flower,1,2,0.429,flattened,visual_reasoning/experiment_1/images/k3/087.png
087,4,1.014,perfume,blooming flower,mugler perfume | flower,2,2,0.143,flattened,visual_reasoning/experiment_1/images/k4/087.png
087,5,1.045,perfume,blooming flower,mugler perfume | flower,2,2,0.167,flattened,visual_reasoning/experiment_1/images/k5/087.png
088,1,1.564,hurtful words,ice shards,word | weapon,0,2,0.286,max_rounds,visual_reasoning/experiment_1/images/k1/088.png
088,2,3.066,verbal aggression,knives,word | weapon,1,2,0.429,max_rounds,visual_reasoning/experiment_1/images/k2/088.png
088,3,2.509,verbal attack,daggers,word | weapon,1,2,0.429,max_rounds,visual_reasoning/experiment_1/images/k3/088.png
088,4,2.009,hateful speech,bladed weapons,word | weapon,1,2,0.286,max_rounds,visual_reasoning/experiment_1/images/k4/088.png
088,5,4.244,verbal attack,weapons,word | weapon,1,2,0.571,max_rounds,visual_reasoning/experiment_1/images/k5/088.png
088,6,5.745,hate speech,daggers,word | weapon,1,2,0.714,max_rounds,visual_reasoning/experiment_1/images/k6/088.png
088,7,2.482,hate speech,swords,word | weapon,1,2,0.286,max_rounds,visual_reasoning/experiment_1/images/k7/088.png
088,8,2.122,words as weapons,daggers,word | weapon,1,2,0.286,max_rounds,visual_reasoning/experiment_1/images/k8/088.png
088,9,1.567,political rhetoric,swords,word | weapon,1,2,0.286,max_rounds,visual_reasoning/experiment_1/images/k9/088.png
088,10,5.004,political deception,weapons,word | weapon,1,2,0.571,max_rounds,visual_reasoning/experiment_1/images/k10/088.png
089,1,1.982,smartphone addiction,predatory trap,phone | mouse trap,2,2,0.286,in_progress,visual_reasoning/experiment_1/images/k1/089.png
089,2,1.928,social media addiction,trap,phone | mouse trap,1,2,0.286,in_progress,visual_reasoning/experiment_1/images/k2/089.png
089,3,1.631,social media addiction,mousetrap,phone | mouse trap,1,2,0.286,in_progress,visual_reasoning/experiment_1/images/k3/089.png
089,4,4.472,social media addiction,mousetrap,phone | mouse trap,1,2,0.571,in_progress,visual_reasoning/experiment_1/images/k4/089.png
089,5,3.039,social media addiction,mousetrap,phone | mouse trap,1,2,0.429,in_progress,visual_reasoning/experiment_1/images/k5/089.png
089,6,3.497,social media addiction,mousetrap,phone | mouse trap,1,2,0.429,in_progress,visual_reasoning/experiment_1/images/k6/089.png
089,7,2.097,social media addiction,mouse trap,phone | mouse trap,1,2,0.286,in_progress,visual_reasoning/experiment_1/images/k7/089.png
089,8,2.789,social media addiction,mousetrap,phone | mouse trap,1,2,0.429,in_progress,visual_reasoning/experiment_1/images/k8/089.png
089,9,2.878,social media addiction,mousetrap,phone | mouse trap,1,2,0.429,in_progress,visual_reasoning/experiment_1/images/k9/089.png
089,10,3.868,social media addiction,mousetrap,phone | mouse trap,1,2,0.571,in_progress,visual_reasoning/experiment_1/images/k10/089.png
090,1,1.601,pizza delivery,paper airplane,pizza delivery | paper airplane,2,2,0.286,flattened,visual_reasoning/experiment_1/images/k1/090.png
090,2,3.047,pizza delivery,paper airplane,pizza delivery | paper airplane,2,2,0.375,flattened,visual_reasoning/experiment_1/images/k2/090.png
090,3,3.325,pizza delivery,paper airplane,pizza delivery | paper airplane,2,2,0.429,flattened,visual_reasoning/experiment_1/images/k3/090.png
090,4,3.292,pizza delivery,paper airplane,pizza delivery | paper airplane,2,2,0.571,flattened,visual_reasoning/experiment_1/images/k4/090.png
091,1,1.064,plastic pollution,ice floe,penguins in the antarctic | plastic pollution,1,2,0.143,flattened,visual_reasoning/experiment_1/images/k1/091.png
091,2,1.79,ocean plastic pollution,plastic waste replacing natural habitat,penguins in the antarctic | plastic pollution,1,2,0.286,flattened,visual_reasoning/experiment_1/images/k2/091.png
091,3,1.616,ocean plastic pollution,plastic waste,penguins in the antarctic | plastic pollution,1,2,0.286,flattened,visual_reasoning/experiment_1/images/k3/091.png
091,4,3.472,ocean plastic pollution,iceberg,penguins in the antarctic | plastic pollution,1,2,0.571,flattened,visual_reasoning/experiment_1/images/k4/091.png
091,5,2.991,ocean plastic pollution,iceberg,penguins in the antarctic | plastic pollution,1,2,0.375,flattened,visual_reasoning/experiment_1/images/k5/091.png
091,6,1.667,plastic pollution,iceberg,penguins in the antarctic | plastic pollution,1,2,0.25,flattened,visual_reasoning/experiment_1/images/k6/091.png
091,7,2.541,plastic pollution,iceberg,penguins in the antarctic | plastic pollution,1,2,0.375,flattened,visual_reasoning/experiment_1/images/k7/091.png
091,8,2.5,ocean plastic pollution,overflowing plastic bag,penguins in the antarctic | plastic pollution,1,2,0.286,flattened,visual_reasoning/experiment_1/images/k8/091.png
092,1,1.643,coca-cola energy,amplifier blast,coca cola | power chord,1,2,0.333,in_progress,visual_reasoning/experiment_1/images/k1/092.png
092,2,3.931,coca-cola,explosive energy,coca cola | power chord,1,2,0.571,in_progress,visual_reasoning/experiment_1/images/k2/092.png
092,3,1.541,coca-cola,explosive energy,coca cola | power chord,1,2,0.286,in_progress,visual_reasoning/experiment_1/images/k3/092.png
092,4,3.184,coca-cola,lightning bolt,coca cola | power chord,1,2,0.429,in_progress,visual_reasoning/experiment_1/images/k4/092.png
092,5,3.387,coca-cola,lightning,coca cola | power chord,1,2,0.429,in_progress,visual_reasoning/experiment_1/images/k5/092.png
092,6,2.782,coca-cola,guitar,coca cola | power chord,1,2,0.286,in_progress,visual_reasoning/experiment_1/images/k6/092.png
092,7,1.482,coca-cola,guitar,coca cola | power chord,1,2,0.286,in_progress,visual_reasoning/experiment_1/images/k7/092.png
092,8,3.212,creative inspiration,carbonated drink explosion,coca cola | power chord,0,2,0.429,in_progress,visual_reasoning/experiment_1/images/k8/092.png
092,9,1.239,coca-cola,guitar chord,coca cola | power chord,2,2,0.143,in_progress,visual_reasoning/experiment_1/images/k9/092.png
092,10,1.153,coca-cola energy,explosion,coca cola | power chord,1,2,0.143,in_progress,visual_reasoning/experiment_1/images/k10/092.png
093,1,1.441,pest control,holy cross,holy cross | bug spray,2,2,0.286,flattened,visual_reasoning/experiment_1/images/k1/093.png
093,2,0.0,pest control,warfare,holy cross | bug spray,1,2,0.0,flattened,visual_reasoning/experiment_1/images/k2/093.png
093,3,0.0,religious worship,pest repellent,holy cross | bug spray,1,2,0.0,flattened,visual_reasoning/experiment_1/images/k3/093.png
094,1,4.032,reading,shelter from storm,umbrella | book and smartphone,0,2,0.571,in_progress,visual_reasoning/experiment_1/images/k1/094.png
094,2,2.668,reading as refuge from digital distraction,shelter in a storm,umbrella | book and smartphone,0,2,0.429,in_progress,visual_reasoning/experiment_1/images/k2/094.png
094,3,4.026,protection from digital overload,book as shelter,umbrella | book and smartphone,0,2,0.571,in_progress,visual_reasoning/experiment_1/images/k3/094.png
094,4,5.774,education,shelter,umbrella | book and smartphone,0,2,0.714,in_progress,visual_reasoning/experiment_1/images/k4/094.png
094,5,7.387,digital overload,rainstorm,umbrella | book and smartphone,1,2,0.75,in_progress,visual_reasoning/experiment_1/images/k5/094.png
094,6,4.456,digital media overload,rainstorm,umbrella | book and smartphone,1,2,0.571,in_progress,visual_reasoning/experiment_1/images/k6/094.png
094,7,4.707,childhood smartphone addiction,storm,umbrella | book and smartphone,0,2,0.571,in_progress,visual_reasoning/experiment_1/images/k7/094.png
094,8,3.586,digital media overload,rainstorm,umbrella | book and smartphone,1,2,0.429,in_progress,visual_reasoning/experiment_1/images/k8/094.png
094,9,4.703,digital notification overload,rainstorm,umbrella | book and smartphone,1,2,0.571,in_progress,visual_reasoning/experiment_1/images/k9/094.png
094,10,1.928,digital media overload,rainstorm,umbrella | book and smartphone,1,2,0.286,in_progress,visual_reasoning/experiment_1/images/k10/094.png
095,1,1.859,red bull energy drink,electricity,red bull | battery,2,2,0.286,in_progress,visual_reasoning/experiment_1/images/k1/095.png
095,2,2.501,energy drink,electric power source,red bull | battery,1,2,0.5,in_progress,visual_reasoning/experiment_1/images/k2/095.png
095,3,1.772,human energy level,battery charging,red bull | battery,1,2,0.286,in_progress,visual_reasoning/experiment_1/images/k3/095.png
095,4,2.139,human energy,battery charging,red bull | battery,1,2,0.429,in_progress,visual_reasoning/experiment_1/images/k4/095.png
095,5,1.585,human energy,battery charging,red bull | battery,1,2,0.286,in_progress,visual_reasoning/experiment_1/images/k5/095.png
095,6,2.848,energy boost,battery charging,red bull | battery,1,2,0.429,in_progress,visual_reasoning/experiment_1/images/k6/095.png
095,7,1.208,energy drink consumption,battery charging,red bull | battery,1,2,0.143,in_progress,visual_reasoning/experiment_1/images/k7/095.png
095,8,3.036,energy boost,battery charging,red bull | battery,1,2,0.429,in_progress,visual_reasoning/experiment_1/images/k8/095.png
095,9,3.968,human energy boost,battery charging,red bull | battery,1,2,0.571,in_progress,visual_reasoning/experiment_1/images/k9/095.png
095,10,1.933,energy boost,battery charging,red bull | battery,1,2,0.286,in_progress,visual_reasoning/experiment_1/images/k10/095.png
096,1,2.456,car safety,diamond,automotive safety | valuable gem,1,2,0.286,flattened,visual_reasoning/experiment_1/images/k1/096.png
096,2,1.638,car safety,diamond,automotive safety | valuable gem,1,2,0.333,flattened,visual_reasoning/experiment_1/images/k2/096.png
096,3,0.99,car safety,diamond,automotive safety | valuable gem,1,2,0.143,flattened,visual_reasoning/experiment_1/images/k3/096.png
096,4,0.969,road safety,diamond,automotive safety | valuable gem,1,2,0.143,flattened,visual_reasoning/experiment_1/images/k4/096.png
097,1,2.04,air travel,river current,ahesive tape | airplane,1,2,0.286,in_progress,visual_reasoning/experiment_1/images/k1/097.png
097,2,4.098,airline industry crisis,storm turbulence,ahesive tape | airplane,0,2,0.571,in_progress,visual_reasoning/experiment_1/images/k2/097.png
097,3,2.168,financial losses,airplanes in downward spiral,ahesive tape | airplane,0,2,0.286,in_progress,visual_reasoning/experiment_1/images/k3/097.png
097,4,2.784,airline industry losses,planes trapped in golden tape,ahesive tape | airplane,0,2,0.571,in_progress,visual_reasoning/experiment_1/images/k4/097.png
097,5,1.044,airline revenue,golden tower,ahesive tape | airplane,0,2,0.143,in_progress,visual_reasoning/experiment_1/images/k5/097.png
097,6,3.254,flight delays,flypaper,ahesive tape | airplane,0,2,0.571,in_progress,visual_reasoning/experiment_1/images/k6/097.png
097,7,1.469,flight delays,adhesive tape,ahesive tape | airplane,1,2,0.286,in_progress,visual_reasoning/experiment_1/images/k7/097.png
097,8,1.817,air traffic congestion,flypaper,ahesive tape | airplane,0,2,0.286,in_progress,visual_reasoning/experiment_1/images/k8/097.png
097,9,1.377,flight delays,adhesive tape,ahesive tape | airplane,1,2,0.286,in_progress,visual_reasoning/experiment_1/images/k9/097.png
097,10,1.377,airline industry,liquid gold,ahesive tape | airplane,0,2,0.286,in_progress,visual_reasoning/experiment_1/images/k10/097.png
098,1,2.166,oppression,boot stomping,work boot | bulldozer,0,2,0.429,in_progress,visual_reasoning/experiment_1/images/k1/098.png
098,2,2.924,work boot,bulldozer,work boot | bulldozer,2,2,0.429,in_progress,visual_reasoning/experiment_1/images/k2/098.png
098,3,3.351,manual labor,bulldozer,work boot | bulldozer,1,2,0.429,in_progress,visual_reasoning/experiment_1/images/k3/098.png
098,4,4.316,hard work,bulldozer,work boot | bulldozer,1,2,0.571,in_progress,visual_reasoning/experiment_1/images/k4/098.png
098,5,2.015,worker displacement,bulldozer crushing work boot,work boot | bulldozer,0,2,0.286,in_progress,visual_reasoning/experiment_1/images/k5/098.png
098,6,2.579,oppression,bulldozer,work boot | bulldozer,1,2,0.429,in_progress,visual_reasoning/experiment_1/images/k6/098.png
098,7,3.567,worker oppression,giant boot crushing,work boot | bulldozer,0,2,0.571,in_progress,visual_reasoning/experiment_1/images/k7/098.png
098,8,2.536,labor rights,bulldozer,work boot | bulldozer,1,2,0.429,in_progress,visual_reasoning/experiment_1/images/k8/098.png
098,9,2.253,labor rights,economic power,work boot | bulldozer,0,2,0.286,in_progress,visual_reasoning/experiment_1/images/k9/098.png
098,10,3.909,labor oppression,giant boot,work boot | bulldozer,0,2,0.571,in_progress,visual_reasoning/experiment_1/images/k10/098.png
099,1,3.267,high heels,snake,high heel shoe | snake,2,2,0.571,in_progress,visual_reasoning/experiment_1/images/k1/099.png
099,2,4.624,high heel shoe,serpent,high heel shoe | snake,2,2,0.571,in_progress,visual_reasoning/experiment_1/images/k2/099.png
099,3,3.18,high heel shoe,dragon,high heel shoe | snake,1,2,0.429,in_progress,visual_reasoning/experiment_1/images/k3/099.png
099,4,4.259,high heel shoe,snake,high heel shoe | snake,2,2,0.571,in_progress,visual_reasoning/experiment_1/images/k4/099.png
099,5,2.661,high heel shoe,snake,high heel shoe | snake,2,2,0.429,in_progress,visual_reasoning/experiment_1/images/k5/099.png
099,6,1.396,high heel shoe,cobra,high heel shoe | snake,2,2,0.286,in_progress,visual_reasoning/experiment_1/images/k6/099.png
099,7,1.769,high heels,cobra,high heel shoe | snake,2,2,0.286,in_progress,visual_reasoning/experiment_1/images/k7/099.png
099,8,2.131,high heel shoe,snake,high heel shoe | snake,2,2,0.429,in_progress,visual_reasoning/experiment_1/images/k8/099.png
099,9,3.253,high heel shoe,snake,high heel shoe | snake,2,2,0.429,in_progress,visual_reasoning/experiment_1/images/k9/099.png
099,10,2.575,high heel shoe,snake,high heel shoe | snake,2,2,0.429,in_progress,visual_reasoning/experiment_1/images/k10/099.png
100,1,2.389,social media addiction,hamster wheel,social media addiction | hamster wheel,2,2,0.429,flattened,visual_reasoning/experiment_1/images/k1/100.png
100,2,4.92,social media addiction,hamster wheel,social media addiction | hamster wheel,2,2,0.714,flattened,visual_reasoning/experiment_1/images/k2/100.png
100,3,3.989,social media addiction,hamster wheel,social media addiction | hamster wheel,2,2,0.429,flattened,visual_reasoning/experiment_1/images/k3/100.png
100,4,1.562,social media addiction,vortex,social media addiction | hamster wheel,1,2,0.286,flattened,visual_reasoning/experiment_1/images/k4/100.png
100,5,3.946,social media validation,hamster wheel,social media addiction | hamster wheel,1,2,0.571,flattened,visual_reasoning/experiment_1/images/k5/100.png
100,6,2.182,social media validation seeking,hamster wheel,social media addiction | hamster wheel,1,2,0.429,flattened,visual_reasoning/experiment_1/images/k6/100.png
100,7,2.197,social media addiction,hamster wheel,social media addiction | hamster wheel,2,2,0.429,flattened,visual_reasoning/experiment_1/images/k7/100.png
101,1,1.538,media overload,film strip,social media feed | toilet paper,0,2,0.286,in_progress,visual_reasoning/experiment_1/images/k1/101.png
101,2,4.998,social media overload,toilet paper roll,social media feed | toilet paper,1,2,0.714,in_progress,visual_reasoning/experiment_1/images/k2/101.png
101,3,3.462,social media overload,flood,social media feed | toilet paper,0,2,0.429,in_progress,visual_reasoning/experiment_1/images/k3/101.png
101,4,4.812,social media overload,toilet paper roll,social media feed | toilet paper,1,2,0.571,in_progress,visual_reasoning/experiment_1/images/k4/101.png
101,5,3.678,social media overload,entanglement in tape,social media feed | toilet paper,0,2,0.571,in_progress,visual_reasoning/experiment_1/images/k5/101.png
101,6,1.027,social media notifications,toilet paper,social media feed | toilet paper,2,2,0.125,in_progress,visual_reasoning/experiment_1/images/k6/101.png
101,7,0.0,social media feed,toilet paper,social media feed | toilet paper,2,2,0.0,in_progress,visual_reasoning/experiment_1/images/k7/101.png
101,8,1.648,social media feed,toilet paper,social media feed | toilet paper,2,2,0.286,in_progress,visual_reasoning/experiment_1/images/k8/101.png
101,9,1.764,social media feed,toilet paper,social media feed | toilet paper,2,2,0.286,in_progress,visual_reasoning/experiment_1/images/k9/101.png
101,10,2.403,social media,toilet paper,social media feed | toilet paper,2,2,0.286,in_progress,visual_reasoning/experiment_1/images/k10/101.png
102,1,2.393,poverty,worn sock,tongue | old sock,1,2,0.429,in_progress,visual_reasoning/experiment_1/images/k1/102.png
102,2,2.284,foul language,dirty sock,tongue | old sock,1,2,0.5,in_progress,visual_reasoning/experiment_1/images/k2/102.png
102,3,2.911,censorship,sock in mouth,tongue | old sock,1,2,0.429,in_progress,visual_reasoning/experiment_1/images/k3/102.png
102,4,5.139,foul language,dirty sock,tongue | old sock,1,2,0.571,in_progress,visual_reasoning/experiment_1/images/k4/102.png
102,5,2.093,bad breath,dirty sock,tongue | old sock,1,2,0.333,in_progress,visual_reasoning/experiment_1/images/k5/102.png
102,6,1.031,dry mouth,dirty sock,tongue | old sock,1,2,0.143,in_progress,visual_reasoning/experiment_1/images/k6/102.png
102,7,1.463,bad breath,dirty sock,tongue | old sock,1,2,0.286,in_progress,visual_reasoning/experiment_1/images/k7/102.png
102,8,5.068,bad breath,dirty sock,tongue | old sock,1,2,0.714,in_progress,visual_reasoning/experiment_1/images/k8/102.png
102,9,1.867,foul speech,moldy cloth,tongue | old sock,0,2,0.286,in_progress,visual_reasoning/experiment_1/images/k9/102.png
102,10,5.076,bad breath,dirty sock,tongue | old sock,1,2,0.571,in_progress,visual_reasoning/experiment_1/images/k10/102.png
103,1,3.401,insecticide effectiveness,superman,bug spray | spiderman,2,2,0.571,generation_failed,visual_reasoning/experiment_1/images/k1/103.png
104,1,3.046,relief amid hardship,desert oasis,sun care | oasis of shade,1,2,0.429,in_progress,visual_reasoning/experiment_1/images/k1/104.png
104,2,3.594,skin care product,desert survival,sun care | oasis of shade,1,2,0.429,in_progress,visual_reasoning/experiment_1/images/k2/104.png
104,3,2.475,sun protection,magical oasis,sun care | oasis of shade,2,2,0.429,in_progress,visual_reasoning/experiment_1/images/k3/104.png
104,4,2.71,sun-damaged skin,parched desert,sun care | oasis of shade,2,2,0.429,in_progress,visual_reasoning/experiment_1/images/k4/104.png
104,5,2.053,sun-damaged skin,desert oasis,sun care | oasis of shade,2,2,0.375,in_progress,visual_reasoning/experiment_1/images/k5/104.png
104,6,3.577,sun-damaged skin,cracked earth,sun care | oasis of shade,1,2,0.5,in_progress,visual_reasoning/experiment_1/images/k6/104.png
104,7,1.419,sun protection,parched earth,sun care | oasis of shade,1,2,0.286,in_progress,visual_reasoning/experiment_1/images/k7/104.png
104,8,1.039,sun protection,oasis,sun care | oasis of shade,2,2,0.143,in_progress,visual_reasoning/experiment_1/images/k8/104.png
104,9,0.98,skin protection,tropical oasis,sun care | oasis of shade,1,2,0.143,in_progress,visual_reasoning/experiment_1/images/k9/104.png
104,10,1.744,sun protection,protective shield,sun care | oasis of shade,1,2,0.286,in_progress,visual_reasoning/experiment_1/images/k10/104.png
105,1,0.964,tabasco,fire,tabasco sauce | fire extinguisher,1,2,0.143,flattened,visual_reasoning/experiment_1/images/k1/105.png
105,2,3.888,tabasco sauce,fire extinguisher,tabasco sauce | fire extinguisher,2,2,0.571,flattened,visual_reasoning/experiment_1/images/k2/105.png
105,3,1.511,tabasco sauce,fire emergency,tabasco sauce | fire extinguisher,1,2,0.286,flattened,visual_reasoning/experiment_1/images/k3/105.png
105,4,1.51,spicy food,fire emergency,tabasco sauce | fire extinguisher,0,2,0.286,flattened,visual_reasoning/experiment_1/images/k4/105.png
106,1,1.952,staged progress,cascading river weirs,tampax tampon | dam,0,2,0.286,generation_failed,visual_reasoning/experiment_1/images/k1/106.png
106,2,1.216,menstrual flow,waterfall,tampax tampon | dam,0,2,0.143,generation_failed,visual_reasoning/experiment_1/images/k2/106.png
106,3,2.744,tampon absorbency,dam,tampax tampon | dam,2,2,0.429,generation_failed,visual_reasoning/experiment_1/images/k3/106.png
106,4,2.838,menstrual fluid,river flood,tampax tampon | dam,0,2,0.429,generation_failed,visual_reasoning/experiment_1/images/k4/106.png
106,5,2.122,menstrual protection,dam,tampax tampon | dam,1,2,0.429,generation_failed,visual_reasoning/experiment_1/images/k5/106.png
107,1,2.674,dental care costs,gambling,gambling | dental health,2,2,0.429,in_progress,visual_reasoning/experiment_1/images/k1/107.png
107,2,2.97,dental care costs,gambling,gambling | dental health,2,2,0.571,in_progress,visual_reasoning/experiment_1/images/k2/107.png
107,3,3.237,dental care costs,gambling,gambling | dental health,2,2,0.571,in_progress,visual_reasoning/experiment_1/images/k3/107.png
107,4,1.737,dental care costs,gambling,gambling | dental health,2,2,0.286,in_progress,visual_reasoning/experiment_1/images/k4/107.png
107,5,2.292,dental care costs,gambling,gambling | dental health,2,2,0.429,in_progress,visual_reasoning/experiment_1/images/k5/107.png
107,6,2.51,dental care costs,gambling,gambling | dental health,2,2,0.429,in_progress,visual_reasoning/experiment_1/images/k6/107.png
107,7,3.677,medical debt,casino gambling,gambling | dental health,1,2,0.571,in_progress,visual_reasoning/experiment_1/images/k7/107.png
107,8,2.938,dental care costs,roulette gambling,gambling | dental health,2,2,0.429,in_progress,visual_reasoning/experiment_1/images/k8/107.png
107,9,1.893,dental care costs,gambling,gambling | dental health,2,2,0.286,in_progress,visual_reasoning/experiment_1/images/k9/107.png
107,10,3.444,financial debt,gambling,gambling | dental health,1,2,0.429,in_progress,visual_reasoning/experiment_1/images/k10/107.png
108,1,1.44,dietary supplement,strawberry,tic tacs | strawberry,1,2,0.286,in_progress,visual_reasoning/experiment_1/images/k1/108.png
108,2,1.525,natural supplement,strawberry,tic tacs | strawberry,1,2,0.286,in_progress,visual_reasoning/experiment_1/images/k2/108.png
108,3,2.245,flavored tablets,strawberry,tic tacs | strawberry,1,2,0.333,in_progress,visual_reasoning/experiment_1/images/k3/108.png
108,4,0.555,tic tac,strawberry,tic tacs | strawberry,2,2,0.143,in_progress,visual_reasoning/experiment_1/images/k4/108.png
108,5,3.825,tic tac,strawberry,tic tacs | strawberry,2,2,0.571,in_progress,visual_reasoning/experiment_1/images/k5/108.png
108,6,1.2,tic tac strawberry mints,strawberries,tic tacs | strawberry,1,2,0.167,in_progress,visual_reasoning/experiment_1/images/k6/108.png
108,7,5.144,tic tac strawberry flavor,fresh strawberries,tic tacs | strawberry,1,2,0.571,in_progress,visual_reasoning/experiment_1/images/k7/108.png
108,8,1.549,tic tac candy,strawberries,tic tacs | strawberry,2,2,0.286,in_progress,visual_reasoning/experiment_1/images/k8/108.png
108,9,2.072,tic tac strawberry candy,strawberry,tic tacs | strawberry,2,2,0.5,in_progress,visual_reasoning/experiment_1/images/k9/108.png
108,10,1.538,tic tac strawberry,strawberry bursting from shell,tic tacs | strawberry,1,2,0.286,in_progress,visual_reasoning/experiment_1/images/k10/108.png
109,1,1.066,hidden danger,predator ambush,unauthorised car service | predatory dinosaur,1,2,0.143,in_progress,visual_reasoning/experiment_1/images/k1/109.png
109,2,3.309,auto repair scam,crocodile,unauthorised car service | predatory dinosaur,0,2,0.429,in_progress,visual_reasoning/experiment_1/images/k2/109.png
109,3,4.6,predatory auto mechanic,predatory dinosaur,unauthorised car service | predatory dinosaur,1,2,0.444,in_progress,visual_reasoning/experiment_1/images/k3/109.png
109,4,2.17,predatory auto repair,predatory dinosaur,unauthorised car service | predatory dinosaur,1,2,0.25,in_progress,visual_reasoning/experiment_1/images/k4/109.png
109,5,4.168,predatory auto mechanic,raptor,unauthorised car service | predatory dinosaur,0,2,0.571,in_progress,visual_reasoning/experiment_1/images/k5/109.png
109,6,4.748,predatory auto repair,predatory dinosaur,unauthorised car service | predatory dinosaur,1,2,0.625,in_progress,visual_reasoning/experiment_1/images/k6/109.png
109,7,3.651,predatory auto repair,tyrannosaurus rex,unauthorised car service | predatory dinosaur,1,2,0.571,in_progress,visual_reasoning/experiment_1/images/k7/109.png
109,8,3.456,predatory mechanic,tyrannosaurus rex,unauthorised car service | predatory dinosaur,1,2,0.571,in_progress,visual_reasoning/experiment_1/images/k8/109.png
109,9,2.563,auto repair fraud,predatory dinosaur,unauthorised car service | predatory dinosaur,1,2,0.375,in_progress,visual_reasoning/experiment_1/images/k9/109.png
109,10,3.447,predatory auto repair,tyrannosaurus rex,unauthorised car service | predatory dinosaur,1,2,0.571,in_progress,visual_reasoning/experiment_1/images/k10/109.png
110,1,4.3,illusion of control,car on railroad tracks,honda car | train on rails,1,2,0.714,in_progress,visual_reasoning/experiment_1/images/k1/110.png
110,2,3.113,illusion of choice,car on railroad tracks,honda car | train on rails,1,2,0.429,in_progress,visual_reasoning/experiment_1/images/k2/110.png
110,3,3.583,illusion of choice,car on railroad tracks,honda car | train on rails,1,2,0.429,in_progress,visual_reasoning/experiment_1/images/k3/110.png
110,4,3.255,lack of freedom,car locked on railroad tracks,honda car | train on rails,0,2,0.429,in_progress,visual_reasoning/experiment_1/images/k4/110.png
110,5,3.914,loss of freedom,railroad tracks,honda car | train on rails,1,2,0.571,in_progress,visual_reasoning/experiment_1/images/k5/110.png
110,6,2.37,loss of autonomy,railroad tracks,honda car | train on rails,1,2,0.286,in_progress,visual_reasoning/experiment_1/images/k6/110.png
110,7,1.64,loss of autonomy,car on railroad tracks,honda car | train on rails,1,2,0.286,in_progress,visual_reasoning/experiment_1/images/k7/110.png
110,8,1.532,loss of autonomy,train on tracks,honda car | train on rails,1,2,0.286,in_progress,visual_reasoning/experiment_1/images/k8/110.png
110,9,1.744,lack of freedom,train on tracks,honda car | train on rails,1,2,0.286,in_progress,visual_reasoning/experiment_1/images/k9/110.png
110,10,3.172,unavoidable failure,car locked on train tracks,honda car | train on rails,0,2,0.429,in_progress,visual_reasoning/experiment_1/images/k10/110.png
111,1,1.824,ocean plastic pollution,dinner plate,ocean pollution | food on the dinner table,2,2,0.222,in_progress,visual_reasoning/experiment_1/images/k1/111.png
111,2,1.629,ocean plastic pollution,dinner plate,ocean pollution | food on the dinner table,2,2,0.25,in_progress,visual_reasoning/experiment_1/images/k2/111.png
111,3,2.293,ocean plastic pollution,fine dining meal,ocean pollution | food on the dinner table,2,2,0.429,in_progress,visual_reasoning/experiment_1/images/k3/111.png
111,4,2.083,ocean plastic pollution,fine dining dish,ocean pollution | food on the dinner table,1,2,0.286,in_progress,visual_reasoning/experiment_1/images/k4/111.png
111,5,2.602,ocean plastic pollution,meal,ocean pollution | food on the dinner table,2,2,0.571,in_progress,visual_reasoning/experiment_1/images/k5/111.png
111,6,2.449,ocean plastic pollution,dinner plate,ocean pollution | food on the dinner table,2,2,0.429,in_progress,visual_reasoning/experiment_1/images/k6/111.png
111,7,3.086,ocean plastic pollution,restaurant meal,ocean pollution | food on the dinner table,2,2,0.429,in_progress,visual_reasoning/experiment_1/images/k7/111.png
111,8,3.735,ocean plastic pollution,meal being served,ocean pollution | food on the dinner table,2,2,0.444,in_progress,visual_reasoning/experiment_1/images/k8/111.png
111,9,1.068,ocean plastic pollution,meal being served,ocean pollution | food on the dinner table,2,2,0.1,in_progress,visual_reasoning/experiment_1/images/k9/111.png
111,10,2.53,microplastic contamination,seafood dish,ocean pollution | food on the dinner table,0,2,0.429,in_progress,visual_reasoning/experiment_1/images/k10/111.png
112,1,2.099,pencil,dachshund,pencil | dachshund,2,2,0.286,in_progress,visual_reasoning/experiment_1/images/k1/112.png
112,2,1.494,dachshund,pencil,pencil | dachshund,2,2,0.333,in_progress,visual_reasoning/experiment_1/images/k2/112.png
112,3,2.14,dachshund,pencil,pencil | dachshund,2,2,0.333,in_progress,visual_reasoning/experiment_1/images/k3/112.png
112,4,1.667,dachshund,colored pencils,pencil | dachshund,2,2,0.333,in_progress,visual_reasoning/experiment_1/images/k4/112.png
112,5,2.981,pencils,dachshund,pencil | dachshund,2,2,0.429,in_progress,visual_reasoning/experiment_1/images/k5/112.png
112,6,2.448,dachshund,pencils,pencil | dachshund,2,2,0.333,in_progress,visual_reasoning/experiment_1/images/k6/112.png
112,7,1.536,creative inspiration,sleeping dog,pencil | dachshund,0,2,0.286,in_progress,visual_reasoning/experiment_1/images/k7/112.png
112,8,2.322,artistic creativity,sleeping dog,pencil | dachshund,0,2,0.286,in_progress,visual_reasoning/experiment_1/images/k8/112.png
112,9,0.0,artistic realism,living subject,pencil | dachshund,0,2,0.0,in_progress,visual_reasoning/experiment_1/images/k9/112.png
112,10,0.0,artistic creation,living subject,pencil | dachshund,0,2,0.0,in_progress,visual_reasoning/experiment_1/images/k10/112.png
113,1,3.051,gut instinct,warning signal,uterus | listening,0,2,0.429,flattened,visual_reasoning/experiment_1/images/k1/113.png
113,2,0.96,reproductive health risks,hazard warning system,uterus | listening,0,2,0.143,flattened,visual_reasoning/experiment_1/images/k2/113.png
113,3,1.126,gynecological cancer,alarm warning signal,uterus | listening,0,2,0.143,flattened,visual_reasoning/experiment_1/images/k3/113.png
113,4,1.918,uterine pain,fire,uterus | listening,0,2,0.286,flattened,visual_reasoning/experiment_1/images/k4/113.png
113,5,1.87,gynecological disease,danger warning signals,uterus | listening,0,2,0.286,flattened,visual_reasoning/experiment_1/images/k5/113.png
114,1,3.145,hope,water on cracked earth,vaseline | cracks in earth,1,2,0.429,flattened,visual_reasoning/experiment_1/images/k1/114.png
114,2,4.56,dry skin,cracked earth,vaseline | cracks in earth,1,2,0.571,flattened,visual_reasoning/experiment_1/images/k2/114.png
114,3,4.599,dry skin,cracked earth,vaseline | cracks in earth,1,2,0.571,flattened,visual_reasoning/experiment_1/images/k3/114.png
115,1,3.44,cultural heritage,art restoration,vaseline | art restoration,1,2,0.429,in_progress,visual_reasoning/experiment_1/images/k1/115.png
115,2,1.805,art restoration,vaseline,vaseline | art restoration,2,2,0.286,in_progress,visual_reasoning/experiment_1/images/k2/115.png
115,3,9.5,skin aging,cracked deteriorating surface,vaseline | art restoration,0,2,1.0,in_progress,visual_reasoning/experiment_1/images/k3/115.png
115,4,3.039,painting restoration,skin care,vaseline | art restoration,1,2,0.571,in_progress,visual_reasoning/experiment_1/images/k4/115.png
115,5,3.435,skin repair,art restoration,vaseline | art restoration,1,2,0.429,in_progress,visual_reasoning/experiment_1/images/k5/115.png
115,6,4.163,skin moisturization,painting restoration,vaseline | art restoration,1,2,0.429,in_progress,visual_reasoning/experiment_1/images/k6/115.png
115,7,4.623,skin repair,art restoration,vaseline | art restoration,1,2,0.571,in_progress,visual_reasoning/experiment_1/images/k7/115.png
115,8,4.093,skin moisturization,art restoration,vaseline | art restoration,1,2,0.714,in_progress,visual_reasoning/experiment_1/images/k8/115.png
115,9,2.083,dry skin,painting restoration,vaseline | art restoration,1,2,0.286,in_progress,visual_reasoning/experiment_1/images/k9/115.png
115,10,5.705,skin healing,art restoration,vaseline | art restoration,1,2,0.714,in_progress,visual_reasoning/experiment_1/images/k10/115.png
116,1,3.558,industrial pollution,virus,smokestack | protein on virus,0,2,0.429,in_progress,visual_reasoning/experiment_1/images/k1/116.png
116,2,2.744,environmental pollution,industrial machine,smokestack | protein on virus,0,2,0.429,in_progress,visual_reasoning/experiment_1/images/k2/116.png
116,3,1.64,environmental pollution,industrial toxic machine,smokestack | protein on virus,0,2,0.286,in_progress,visual_reasoning/experiment_1/images/k3/116.png
116,4,3.389,environmental pollution,industrial machine,smokestack | protein on virus,0,2,0.571,in_progress,visual_reasoning/experiment_1/images/k4/116.png
116,5,0.0,environmental pollution,virus,smokestack | protein on virus,0,2,0.0,in_progress,visual_reasoning/experiment_1/images/k5/116.png
116,6,3.872,industrial pollution,virus,smokestack | protein on virus,0,2,0.571,in_progress,visual_reasoning/experiment_1/images/k6/116.png
116,7,3.975,industrial pollution,virus,smokestack | protein on virus,0,2,0.571,in_progress,visual_reasoning/experiment_1/images/k7/116.png
116,8,4.173,industrial pollution,virus,smokestack | protein on virus,0,2,0.571,in_progress,visual_reasoning/experiment_1/images/k8/116.png
116,9,0.0,industrial pollution,virus,smokestack | protein on virus,0,2,0.0,in_progress,visual_reasoning/experiment_1/images/k9/116.png
116,10,1.823,industrial pollution,virus,smokestack | protein on virus,0,2,0.286,in_progress,visual_reasoning/experiment_1/images/k10/116.png
117,1,2.013,human brain,walnut,brain | walnut,2,2,0.286,in_progress,visual_reasoning/experiment_1/images/k1/117.png
117,2,5.0,human brain,walnut,brain | walnut,2,2,0.571,in_progress,visual_reasoning/experiment_1/images/k2/117.png
117,3,3.458,human mind,walnut,brain | walnut,2,2,0.429,in_progress,visual_reasoning/experiment_1/images/k3/117.png
117,4,3.172,mental liberation,breaking chains,brain | walnut,0,2,0.429,in_progress,visual_reasoning/experiment_1/images/k4/117.png
117,5,1.76,mental liberation,walnut,brain | walnut,1,2,0.286,in_progress,visual_reasoning/experiment_1/images/k5/117.png
117,6,1.898,mental liberation,breaking chains,brain | walnut,0,2,0.286,in_progress,visual_reasoning/experiment_1/images/k6/117.png
117,7,2.278,human brain,walnut,brain | walnut,2,2,0.286,in_progress,visual_reasoning/experiment_1/images/k7/117.png
117,8,2.765,human brain,walnut,brain | walnut,2,2,0.429,in_progress,visual_reasoning/experiment_1/images/k8/117.png
117,9,4.366,human brain,walnut,brain | walnut,2,2,0.667,in_progress,visual_reasoning/experiment_1/images/k9/117.png
117,10,6.132,human brain,walnut,brain | walnut,2,2,0.857,in_progress,visual_reasoning/experiment_1/images/k10/117.png
118,1,1.695,surveillance,industrial machinery,pink eye | horror movie,0,2,0.286,generation_failed,visual_reasoning/experiment_1/images/k1/118.png
118,2,1.864,horror film,bloodshot eye,pink eye | horror movie,2,2,0.286,generation_failed,visual_reasoning/experiment_1/images/k2/118.png
118,3,1.693,horror cinema,monstrous eye,pink eye | horror movie,1,2,0.286,generation_failed,visual_reasoning/experiment_1/images/k3/118.png
118,4,0.976,fear,film projection,pink eye | horror movie,0,2,0.143,generation_failed,visual_reasoning/experiment_1/images/k4/118.png
118,5,1.79,horror movie experience,surveillance,pink eye | horror movie,1,2,0.286,generation_failed,visual_reasoning/experiment_1/images/k5/118.png
118,6,2.027,horror media consumption,diseased eye,pink eye | horror movie,1,2,0.286,generation_failed,visual_reasoning/experiment_1/images/k6/118.png
118,7,4.587,fear,infected eye,pink eye | horror movie,1,2,0.571,generation_failed,visual_reasoning/experiment_1/images/k7/118.png
119,1,1.028,chronic illness,calendar,presciption drug | mortality,0,2,0.143,in_progress,visual_reasoning/experiment_1/images/k1/119.png
119,2,2.396,prescription drug overdose,skull,presciption drug | mortality,1,2,0.333,in_progress,visual_reasoning/experiment_1/images/k2/119.png
119,3,1.902,medication dependency,mortality countdown,presciption drug | mortality,1,2,0.429,in_progress,visual_reasoning/experiment_1/images/k3/119.png
119,4,1.151,elderly mortality,coffin,presciption drug | mortality,1,2,0.143,in_progress,visual_reasoning/experiment_1/images/k4/119.png
119,5,2.464,prescription drug overuse,death,presciption drug | mortality,2,2,0.429,in_progress,visual_reasoning/experiment_1/images/k5/119.png
119,6,2.19,drug overdose,death and burial,presciption drug | mortality,1,2,0.286,in_progress,visual_reasoning/experiment_1/images/k6/119.png
119,7,3.13,prescription drug abuse,death,presciption drug | mortality,2,2,0.429,in_progress,visual_reasoning/experiment_1/images/k7/119.png
119,8,1.675,polypharmacy,death,presciption drug | mortality,2,2,0.286,in_progress,visual_reasoning/experiment_1/images/k8/119.png
119,9,1.065,medication overdose,pills flooding toward grave,presciption drug | mortality,1,2,0.143,in_progress,visual_reasoning/experiment_1/images/k9/119.png
119,10,0.63,polypharmacy,grim reaper,presciption drug | mortality,1,2,0.143,in_progress,visual_reasoning/experiment_1/images/k10/119.png
120,1,3.891,facing adversity,confronting predators,animal hunters | human prey,0,2,0.571,in_progress,visual_reasoning/experiment_1/images/k1/120.png
120,2,3.46,resilience under adversity,being surrounded by predators,animal hunters | human prey,1,2,0.571,in_progress,visual_reasoning/experiment_1/images/k2/120.png
120,3,1.974,human resilience,predators encircling prey,animal hunters | human prey,1,2,0.429,in_progress,visual_reasoning/experiment_1/images/k3/120.png
120,4,2.28,overwhelming adversity,predators surrounding prey,animal hunters | human prey,1,2,0.429,in_progress,visual_reasoning/experiment_1/images/k4/120.png
120,5,3.196,being overwhelmed by adversaries,predators surrounding wounded prey,animal hunters | human prey,0,2,0.571,in_progress,visual_reasoning/experiment_1/images/k5/120.png
120,6,4.065,resilience,man surrounded by predators,animal hunters | human prey,1,2,0.571,in_progress,visual_reasoning/experiment_1/images/k6/120.png
120,7,3.311,overwhelming adversity,predator attack,animal hunters | human prey,1,2,0.429,in_progress,visual_reasoning/experiment_1/images/k7/120.png
120,8,1.397,inner strength,predator siege,animal hunters | human prey,0,2,0.143,in_progress,visual_reasoning/experiment_1/images/k8/120.png
120,9,2.96,wildlife poaching,predator retribution,animal hunters | human prey,1,2,0.571,in_progress,visual_reasoning/experiment_1/images/k9/120.png
120,10,1.854,poaching,predator turning on hunter,animal hunters | human prey,1,2,0.286,in_progress,visual_reasoning/experiment_1/images/k10/120.png
121,1,1.176,toast doneness,paint color selection,colour palette | toast bread,1,2,0.143,in_progress,visual_reasoning/experiment_1/images/k1/121.png
121,2,1.101,color palette,toast,colour palette | toast bread,2,2,0.143,in_progress,visual_reasoning/experiment_1/images/k2/121.png
121,3,0.0,color palette,toast,colour palette | toast bread,2,2,0.0,in_progress,visual_reasoning/experiment_1/images/k3/121.png
121,4,3.046,color palette,toast,colour palette | toast bread,2,2,0.571,in_progress,visual_reasoning/experiment_1/images/k4/121.png
121,5,1.5,color palette,toast,colour palette | toast bread,2,2,0.2,in_progress,visual_reasoning/experiment_1/images/k5/121.png
121,6,1.023,color palette,toast,colour palette | toast bread,2,2,0.111,in_progress,visual_reasoning/experiment_1/images/k6/121.png
121,7,0.0,color palette,toast,colour palette | toast bread,2,2,0.0,in_progress,visual_reasoning/experiment_1/images/k7/121.png
121,8,2.715,color palette,toast,colour palette | toast bread,2,2,0.308,in_progress,visual_reasoning/experiment_1/images/k8/121.png
121,9,5.145,color palette,toast,colour palette | toast bread,2,2,0.667,in_progress,visual_reasoning/experiment_1/images/k9/121.png
121,10,2.406,color palette,toast,colour palette | toast bread,2,2,0.5,in_progress,visual_reasoning/experiment_1/images/k10/121.png
122,1,1.633,social anxiety,electric sparks,not social distancing | explosion,0,2,0.286,in_progress,visual_reasoning/experiment_1/images/k1/122.png
122,2,2.369,social anxiety,time bomb,not social distancing | explosion,1,2,0.429,in_progress,visual_reasoning/experiment_1/images/k2/122.png
122,3,2.256,social tension,time bomb,not social distancing | explosion,1,2,0.286,in_progress,visual_reasoning/experiment_1/images/k3/122.png
122,4,1.97,urban overcrowding,time bomb,not social distancing | explosion,1,2,0.333,in_progress,visual_reasoning/experiment_1/images/k4/122.png
122,5,2.336,virus transmission,electrical discharge,not social distancing | explosion,0,2,0.429,in_progress,visual_reasoning/experiment_1/images/k5/122.png
122,6,3.661,viral contagion,time bomb,not social distancing | explosion,1,2,0.571,in_progress,visual_reasoning/experiment_1/images/k6/122.png
122,7,1.093,airborne disease transmission,ticking bomb,not social distancing | explosion,1,2,0.143,in_progress,visual_reasoning/experiment_1/images/k7/122.png
122,8,3.091,pandemic spread,time bomb,not social distancing | explosion,1,2,0.429,in_progress,visual_reasoning/experiment_1/images/k8/122.png
122,9,2.211,overcrowding,time bomb,not social distancing | explosion,1,2,0.429,in_progress,visual_reasoning/experiment_1/images/k9/122.png
122,10,2.965,overcrowding,ticking time bomb,not social distancing | explosion,0,2,0.429,in_progress,visual_reasoning/experiment_1/images/k10/122.png
123,1,2.031,nature's renewal,phoenix,killing a tree | killing a bird,0,2,0.286,in_progress,visual_reasoning/experiment_1/images/k1/123.png
123,2,2.633,habitat destruction,tree felling,killing a tree | killing a bird,1,2,0.286,in_progress,visual_reasoning/experiment_1/images/k2/123.png
123,3,1.686,habitat destruction,tree felling,killing a tree | killing a bird,1,2,0.286,in_progress,visual_reasoning/experiment_1/images/k3/123.png
123,4,2.419,habitat destruction,axe felling a nesting tree,killing a tree | killing a bird,1,2,0.429,in_progress,visual_reasoning/experiment_1/images/k4/123.png
123,5,1.238,habitat destruction,tree felling,killing a tree | killing a bird,1,2,0.143,in_progress,visual_reasoning/experiment_1/images/k5/123.png
123,6,3.899,destruction of family home,axe felling nesting tree,killing a tree | killing a bird,1,2,0.429,in_progress,visual_reasoning/experiment_1/images/k6/123.png
123,7,5.373,habitat destruction,axe chopping nest tree,killing a tree | killing a bird,1,2,0.714,in_progress,visual_reasoning/experiment_1/images/k7/123.png
123,8,3.575,environmental destruction,destroying a family home,killing a tree | killing a bird,0,2,0.429,in_progress,visual_reasoning/experiment_1/images/k8/123.png
123,9,3.884,habitat destruction,axe felling nesting tree,killing a tree | killing a bird,1,2,0.571,in_progress,visual_reasoning/experiment_1/images/k9/123.png
123,10,6.088,habitat destruction,axe felling nesting tree,killing a tree | killing a bird,1,2,0.714,in_progress,visual_reasoning/experiment_1/images/k10/123.png
124,1,3.762,harmony of nature,music,wildlife | symphony orchestra,0,2,0.571,flattened,visual_reasoning/experiment_1/images/k1/124.png
124,2,2.465,nature,orchestra,wildlife | symphony orchestra,2,2,0.429,flattened,visual_reasoning/experiment_1/images/k2/124.png
124,3,1.759,nature,orchestra,wildlife | symphony orchestra,2,2,0.286,flattened,visual_reasoning/experiment_1/images/k3/124.png
124,4,1.734,nature's harmony,orchestra,wildlife | symphony orchestra,1,2,0.333,flattened,visual_reasoning/experiment_1/images/k4/124.png
125,1,3.118,life journey,butterflies,ship sails | butterfly,1,2,0.571,flattened,visual_reasoning/experiment_1/images/k1/125.png
125,2,3.152,freedom,sailing ship,ship sails | butterfly,1,2,0.429,flattened,visual_reasoning/experiment_1/images/k2/125.png
129,1,3.852,greed,opulent wealth,drinking away | riches,1,2,0.571,in_progress,visual_reasoning/experiment_1/images/k1/129.png
129,2,3.462,greed,drinking,drinking away | riches,1,2,0.571,in_progress,visual_reasoning/experiment_1/images/k2/129.png
129,3,2.57,greed,drinking,drinking away | riches,1,2,0.333,in_progress,visual_reasoning/experiment_1/images/k3/129.png
129,4,1.685,greed,consuming treasure,drinking away | riches,0,2,0.286,in_progress,visual_reasoning/experiment_1/images/k4/129.png
129,5,1.224,greed,drinking,drinking away | riches,1,2,0.143,in_progress,visual_reasoning/experiment_1/images/k5/129.png
129,6,4.264,squandering wealth,drinking,drinking away | riches,1,2,0.571,in_progress,visual_reasoning/experiment_1/images/k6/129.png
129,7,1.953,greed,consuming poison,drinking away | riches,0,2,0.286,in_progress,visual_reasoning/experiment_1/images/k7/129.png
129,8,2.497,greed,drinking,drinking away | riches,1,2,0.375,in_progress,visual_reasoning/experiment_1/images/k8/129.png
129,9,3.837,greed,drinking,drinking away | riches,1,2,0.571,in_progress,visual_reasoning/experiment_1/images/k9/129.png
129,10,2.676,greed,drinking treasure,drinking away | riches,1,2,0.5,in_progress,visual_reasoning/experiment_1/images/k10/129.png
130,1,1.49,climate change,time bomb,global warming | time bomb,2,2,0.286,in_progress,visual_reasoning/experiment_1/images/k1/130.png
130,2,2.662,climate change,ticking time bomb,global warming | time bomb,2,2,0.429,in_progress,visual_reasoning/experiment_1/images/k2/130.png
130,3,2.951,climate change,time bomb,global warming | time bomb,2,2,0.429,in_progress,visual_reasoning/experiment_1/images/k3/130.png
130,4,1.101,climate crisis,time bomb,global warming | time bomb,2,2,0.143,in_progress,visual_reasoning/experiment_1/images/k4/130.png
130,5,0.848,climate change,ticking time bomb,global warming | time bomb,2,2,0.143,in_progress,visual_reasoning/experiment_1/images/k5/130.png
130,6,1.856,climate change,ticking time bomb,global warming | time bomb,2,2,0.333,in_progress,visual_reasoning/experiment_1/images/k6/130.png
130,7,3.046,climate change,ticking time bomb,global warming | time bomb,2,2,0.5,in_progress,visual_reasoning/experiment_1/images/k7/130.png
130,8,2.024,climate change,ticking time bomb,global warming | time bomb,2,2,0.286,in_progress,visual_reasoning/experiment_1/images/k8/130.png
130,9,2.703,climate change,ticking time bomb,global warming | time bomb,2,2,0.429,in_progress,visual_reasoning/experiment_1/images/k9/130.png
130,10,1.905,climate change,ticking time bomb,global warming | time bomb,2,2,0.286,in_progress,visual_reasoning/experiment_1/images/k10/130.png
131,1,4.138,flavor experience,party,party | flavor,2,2,0.571,in_progress,visual_reasoning/experiment_1/images/k1/131.png
131,2,1.038,taste of fruit,party,party | flavor,2,2,0.143,in_progress,visual_reasoning/experiment_1/images/k2/131.png
131,3,2.32,flavor experience,party,party | flavor,2,2,0.571,in_progress,visual_reasoning/experiment_1/images/k3/131.png
131,4,1.772,taste experience,party,party | flavor,2,2,0.286,in_progress,visual_reasoning/experiment_1/images/k4/131.png
131,5,1.58,flavor experience,party,party | flavor,2,2,0.286,in_progress,visual_reasoning/experiment_1/images/k5/131.png
131,6,1.922,taste experience,celebration,party | flavor,2,2,0.429,in_progress,visual_reasoning/experiment_1/images/k6/131.png
131,7,2.56,taste experience,celebration,party | flavor,2,2,0.286,in_progress,visual_reasoning/experiment_1/images/k7/131.png
131,8,1.799,taste experience,party celebration,party | flavor,2,2,0.333,in_progress,visual_reasoning/experiment_1/images/k8/131.png
131,9,2.233,taste experience,celebration,party | flavor,2,2,0.286,in_progress,visual_reasoning/experiment_1/images/k9/131.png
131,10,2.604,taste experience,party,party | flavor,2,2,0.429,in_progress,visual_reasoning/experiment_1/images/k10/131.png
132,1,1.156,romantic love,donut,love | donut,2,2,0.143,in_progress,visual_reasoning/experiment_1/images/k1/132.png
132,2,0.0,desire,sweet treat,love | donut,0,2,0.0,in_progress,visual_reasoning/experiment_1/images/k2/132.png
132,3,1.874,food craving,heart-shaped donut,love | donut,1,2,0.286,in_progress,visual_reasoning/experiment_1/images/k3/132.png
132,4,2.596,romantic love,donut,love | donut,2,2,0.429,in_progress,visual_reasoning/experiment_1/images/k4/132.png
132,5,2.815,romantic love,sweet treat,love | donut,1,2,0.429,in_progress,visual_reasoning/experiment_1/images/k5/132.png
132,6,1.004,romantic love,donut,love | donut,2,2,0.143,in_progress,visual_reasoning/experiment_1/images/k6/132.png
132,7,1.922,romantic love,heart-shaped donut,love | donut,2,2,0.286,in_progress,visual_reasoning/experiment_1/images/k7/132.png
132,8,2.2,romantic love,heart-shaped donut,love | donut,2,2,0.429,in_progress,visual_reasoning/experiment_1/images/k8/132.png
132,9,2.361,romantic love,sweet treat,love | donut,1,2,0.286,in_progress,visual_reasoning/experiment_1/images/k9/132.png
132,10,2.84,romantic love,heart-shaped donut,love | donut,2,2,0.375,in_progress,visual_reasoning/experiment_1/images/k10/132.png
133,1,1.319,burger,fire,burger | flame,2,2,0.143,in_progress,visual_reasoning/experiment_1/images/k1/133.png
133,2,2.026,spicy food,fire,burger | flame,1,2,0.286,in_progress,visual_reasoning/experiment_1/images/k2/133.png
133,3,0.599,spicy burger,fire,burger | flame,2,2,0.143,in_progress,visual_reasoning/experiment_1/images/k3/133.png
133,4,0.942,spicy burger,fire,burger | flame,2,2,0.143,in_progress,visual_reasoning/experiment_1/images/k4/133.png
133,5,1.713,spicy food,fire,burger | flame,1,2,0.286,in_progress,visual_reasoning/experiment_1/images/k5/133.png
133,6,1.188,spicy burger,fire,burger | flame,2,2,0.143,in_progress,visual_reasoning/experiment_1/images/k6/133.png
133,7,2.812,spicy burger,fire,burger | flame,2,2,0.429,in_progress,visual_reasoning/experiment_1/images/k7/133.png
133,8,1.175,spicy burger,fire,burger | flame,2,2,0.143,in_progress,visual_reasoning/experiment_1/images/k8/133.png
133,9,1.491,spicy burger,fire,burger | flame,2,2,0.286,in_progress,visual_reasoning/experiment_1/images/k9/133.png
133,10,1.266,spicy burger,fire,burger | flame,2,2,0.143,in_progress,visual_reasoning/experiment_1/images/k10/133.png
134,1,0.0,high-performance sports car,none,car | wind,0,2,0.0,in_progress,visual_reasoning/experiment_1/images/k1/134.png
134,2,3.109,speed,tornado,car | wind,0,2,0.429,in_progress,visual_reasoning/experiment_1/images/k2/134.png
134,3,1.829,speed,fire,car | wind,0,2,0.286,in_progress,visual_reasoning/experiment_1/images/k3/134.png
134,4,0.0,speed,none,car | wind,0,2,0.0,in_progress,visual_reasoning/experiment_1/images/k4/134.png
134,5,1.415,speed,tornado,car | wind,0,2,0.333,in_progress,visual_reasoning/experiment_1/images/k5/134.png
134,6,1.017,speed,tornado,car | wind,0,2,0.143,in_progress,visual_reasoning/experiment_1/images/k6/134.png
134,7,2.658,automotive speed,ocean waves,car | wind,0,2,0.429,in_progress,visual_reasoning/experiment_1/images/k7/134.png
134,8,0.98,car speed,whirlwind,car | wind,2,2,0.143,in_progress,visual_reasoning/experiment_1/images/k8/134.png
134,9,0.913,car speed,tornado,car | wind,1,2,0.143,in_progress,visual_reasoning/experiment_1/images/k9/134.png
134,10,0.0,speed,flowing ribbon,car | wind,0,2,0.0,in_progress,visual_reasoning/experiment_1/images/k10/134.png
135,1,2.32,aspiration,reaching toward the sun,sky | limit,0,2,0.429,in_progress,visual_reasoning/experiment_1/images/k1/135.png
135,2,3.903,human ambition,mountain climbing,sky | limit,0,2,0.571,in_progress,visual_reasoning/experiment_1/images/k2/135.png
135,3,3.735,human ambition,mountain climbing,sky | limit,0,2,0.571,in_progress,visual_reasoning/experiment_1/images/k3/135.png
135,4,3.483,personal limitations,shattering glass barrier,sky | limit,0,2,0.5,in_progress,visual_reasoning/experiment_1/images/k4/135.png
135,5,4.888,personal limitations,stone wall,sky | limit,0,2,0.714,in_progress,visual_reasoning/experiment_1/images/k5/135.png
135,6,3.882,transcending limits,breaking through a wall,sky | limit,0,2,0.571,in_progress,visual_reasoning/experiment_1/images/k6/135.png
135,7,2.447,unlimited potential,glass ceiling,sky | limit,0,2,0.429,in_progress,visual_reasoning/experiment_1/images/k7/135.png
135,8,4.859,overcoming limitations,breaking through wall,sky | limit,0,2,0.571,in_progress,visual_reasoning/experiment_1/images/k8/135.png
135,9,5.933,overcoming limitations,breaking through stone wall,sky | limit,0,2,0.714,in_progress,visual_reasoning/experiment_1/images/k9/135.png
135,10,3.162,personal limitations,crumbling stone wall,sky | limit,0,2,0.429,in_progress,visual_reasoning/experiment_1/images/k10/135.png
136,1,1.935,mountain landscape,strawberry,strawberry | mountain,2,2,0.286,in_progress,visual_reasoning/experiment_1/images/k1/136.png
136,2,3.452,mountain,strawberry,strawberry | mountain,2,2,0.429,in_progress,visual_reasoning/experiment_1/images/k2/136.png
136,3,1.177,mountain,strawberry,strawberry | mountain,2,2,0.143,in_progress,visual_reasoning/experiment_1/images/k3/136.png
136,4,2.037,reward,mountain,strawberry | mountain,1,2,0.429,in_progress,visual_reasoning/experiment_1/images/k4/136.png
136,5,1.0,mountain,strawberry,strawberry | mountain,2,2,0.143,in_progress,visual_reasoning/experiment_1/images/k5/136.png
136,6,3.039,pursuit of desire,mountain climbing,strawberry | mountain,1,2,0.429,in_progress,visual_reasoning/experiment_1/images/k6/136.png
136,7,3.595,mountain,strawberry,strawberry | mountain,2,2,0.571,in_progress,visual_reasoning/experiment_1/images/k7/136.png
136,8,0.961,strawberry,mountain climbing,strawberry | mountain,2,2,0.167,in_progress,visual_reasoning/experiment_1/images/k8/136.png
136,9,2.758,pursuit of desire,mountain climbing,strawberry | mountain,1,2,0.429,in_progress,visual_reasoning/experiment_1/images/k9/136.png
136,10,4.477,pursuing goals,mountain climbing,strawberry | mountain,1,2,0.571,in_progress,visual_reasoning/experiment_1/images/k10/136.png
137,1,2.703,destruction of knowledge,burning manuscript,word | fire,0,2,0.429,in_progress,visual_reasoning/experiment_1/images/k1/137.png
137,2,1.555,romantic love,fire,word | fire,1,2,0.286,in_progress,visual_reasoning/experiment_1/images/k2/137.png
137,3,3.537,destruction of knowledge,fire,word | fire,1,2,0.571,in_progress,visual_reasoning/experiment_1/images/k3/137.png
137,4,3.172,forgotten memories,burning letter,word | fire,0,2,0.571,in_progress,visual_reasoning/experiment_1/images/k4/137.png
137,5,2.97,knowledge destruction,fire,word | fire,1,2,0.429,in_progress,visual_reasoning/experiment_1/images/k5/137.png
137,6,1.855,loss of knowledge,burning documents,word | fire,0,2,0.286,in_progress,visual_reasoning/experiment_1/images/k6/137.png
137,7,3.074,destruction of knowledge,book burning,word | fire,0,2,0.429,in_progress,visual_reasoning/experiment_1/images/k7/137.png
137,8,2.351,hidden truth,burning book,word | fire,0,2,0.429,in_progress,visual_reasoning/experiment_1/images/k8/137.png
137,9,1.0,words,fire,word | fire,2,2,0.143,in_progress,visual_reasoning/experiment_1/images/k9/137.png
137,10,1.073,romantic love,fire,word | fire,1,2,0.167,in_progress,visual_reasoning/experiment_1/images/k10/137.png
138,1,1.495,power of words,weapons,word | weapon,1,2,0.286,in_progress,visual_reasoning/experiment_1/images/k1/138.png
138,2,2.905,creative writing,magic,word | weapon,0,2,0.429,in_progress,visual_reasoning/experiment_1/images/k2/138.png
138,3,2.345,words,blades,word | weapon,1,2,0.429,in_progress,visual_reasoning/experiment_1/images/k3/138.png
138,4,3.256,power of words,warfare,word | weapon,0,2,0.429,in_progress,visual_reasoning/experiment_1/images/k4/138.png
138,5,1.198,power of words,bullets,word | weapon,0,2,0.143,in_progress,visual_reasoning/experiment_1/images/k5/138.png
138,6,1.115,harmful words,fire,word | weapon,0,2,0.167,in_progress,visual_reasoning/experiment_1/images/k6/138.png
138,7,3.175,power of words,weapons,word | weapon,1,2,0.571,in_progress,visual_reasoning/experiment_1/images/k7/138.png
138,8,4.972,power of written words,weapon,word | weapon,1,2,0.714,in_progress,visual_reasoning/experiment_1/images/k8/138.png
138,9,6.814,power of words,firearm,word | weapon,1,2,0.714,in_progress,visual_reasoning/experiment_1/images/k9/138.png
138,10,3.906,power of words,bullet,word | weapon,1,2,0.571,in_progress,visual_reasoning/experiment_1/images/k10/138.png
139,1,1.161,hope,guiding light,heart | calling,0,2,0.143,flattened,visual_reasoning/experiment_1/images/k1/139.png
139,2,2.918,emotional intuition,sound broadcast,heart | calling,0,2,0.429,flattened,visual_reasoning/experiment_1/images/k2/139.png
139,3,2.13,love,radiant energy waves,heart | calling,0,2,0.286,flattened,visual_reasoning/experiment_1/images/k3/139.png
139,4,2.72,passion,fire,heart | calling,0,2,0.429,flattened,visual_reasoning/experiment_1/images/k4/139.png
139,5,1.661,passionate love,fire,heart | calling,0,2,0.286,flattened,visual_reasoning/experiment_1/images/k5/139.png
139,6,4.536,passion,fire,heart | calling,0,2,0.571,flattened,visual_reasoning/experiment_1/images/k6/139.png
139,7,2.762,passion,fire,heart | calling,0,2,0.571,flattened,visual_reasoning/experiment_1/images/k7/139.png
139,8,1.473,passionate love,radiant light source,heart | calling,0,2,0.286,flattened,visual_reasoning/experiment_1/images/k8/139.png
139,9,1.427,anxiety,exploding heart,heart | calling,1,2,0.143,flattened,visual_reasoning/experiment_1/images/k9/139.png
140,1,8.5,melted chocolate,flowing silk,chocolate | silk,2,2,1.0,in_progress,visual_reasoning/experiment_1/images/k1/140.png
140,2,2.99,chocolate,silk fabric,chocolate | silk,2,2,0.429,in_progress,visual_reasoning/experiment_1/images/k2/140.png
140,3,1.5,chocolate,silk fabric,chocolate | silk,2,2,0.143,in_progress,visual_reasoning/experiment_1/images/k3/140.png
140,4,1.447,chocolate,silk,chocolate | silk,2,2,0.167,in_progress,visual_reasoning/experiment_1/images/k4/140.png
140,5,3.086,chocolate,silk,chocolate | silk,2,2,0.429,in_progress,visual_reasoning/experiment_1/images/k5/140.png
140,6,2.099,chocolate,silk,chocolate | silk,2,2,0.5,in_progress,visual_reasoning/experiment_1/images/k6/140.png
140,7,3.319,melted chocolate,silk fabric,chocolate | silk,2,2,0.429,in_progress,visual_reasoning/experiment_1/images/k7/140.png
140,8,1.86,melting chocolate,silk fabric,chocolate | silk,2,2,0.286,in_progress,visual_reasoning/experiment_1/images/k8/140.png
140,9,1.058,chocolate indulgence,fire,chocolate | silk,1,2,0.167,in_progress,visual_reasoning/experiment_1/images/k9/140.png
140,10,1.587,chocolate,silk fabric,chocolate | silk,2,2,0.286,in_progress,visual_reasoning/experiment_1/images/k10/140.png
141,1,1.443,mortality,blooming flowers,love | bone,0,2,0.286,in_progress,visual_reasoning/experiment_1/images/k1/141.png
141,2,1.642,love,skeleton,love | bone,2,2,0.286,in_progress,visual_reasoning/experiment_1/images/k2/141.png
141,3,0.922,love,chains,love | bone,1,2,0.143,in_progress,visual_reasoning/experiment_1/images/k3/141.png
141,4,2.296,love,fire,love | bone,1,2,0.429,in_progress,visual_reasoning/experiment_1/images/k4/141.png
141,5,1.813,love,skeleton,love | bone,2,2,0.286,in_progress,visual_reasoning/experiment_1/images/k5/141.png
141,6,3.385,love,skeleton,love | bone,2,2,0.429,in_progress,visual_reasoning/experiment_1/images/k6/141.png
141,7,2.107,unrequited love,skeleton,love | bone,2,2,0.429,in_progress,visual_reasoning/experiment_1/images/k7/141.png
141,8,1.111,love,death,love | bone,1,2,0.143,in_progress,visual_reasoning/experiment_1/images/k8/141.png
141,9,3.656,unrequited love,skeleton,love | bone,2,2,0.571,in_progress,visual_reasoning/experiment_1/images/k9/141.png
141,10,4.034,obsessive love,skeleton,love | bone,2,2,0.571,in_progress,visual_reasoning/experiment_1/images/k10/141.png
142,1,3.295,despair,root-encased abyss,root | crisis,0,2,0.429,in_progress,visual_reasoning/experiment_1/images/k1/142.png
142,2,2.195,survival against overwhelming odds,lifeline,root | crisis,0,2,0.429,in_progress,visual_reasoning/experiment_1/images/k2/142.png
142,3,0.952,resilience,deep-rooted tree,root | crisis,0,2,0.143,in_progress,visual_reasoning/experiment_1/images/k3/142.png
142,4,3.762,personal struggle,war devastation,root | crisis,0,2,0.429,in_progress,visual_reasoning/experiment_1/images/k4/142.png
142,5,1.581,hope in despair,tree of life,root | crisis,0,2,0.286,in_progress,visual_reasoning/experiment_1/images/k5/142.png
142,6,3.151,fall of man,apocalyptic destruction,root | crisis,0,2,0.429,in_progress,visual_reasoning/experiment_1/images/k6/142.png
142,7,2.453,obsessive love,clinging to burning tree,root | crisis,0,2,0.429,in_progress,visual_reasoning/experiment_1/images/k7/142.png
142,8,3.695,personal chaos,apocalyptic destruction,root | crisis,0,2,0.571,in_progress,visual_reasoning/experiment_1/images/k8/142.png
142,9,2.057,human bondage,chains,root | crisis,0,2,0.286,in_progress,visual_reasoning/experiment_1/images/k9/142.png
142,10,2.22,paralysis under overwhelming pressure,entanglement by roots amid chaos,root | crisis,0,2,0.286,in_progress,visual_reasoning/experiment_1/images/k10/142.png
143,1,1.081,anger,raging storm,wave | anger,1,2,0.143,generation_failed,visual_reasoning/experiment_1/images/k1/143.png
144,1,0.0,truth revelation,none,pen | knife,0,2,0.0,in_progress,visual_reasoning/experiment_1/images/k1/144.png
144,2,2.997,power of words,weapon,pen | knife,1,2,0.429,in_progress,visual_reasoning/experiment_1/images/k2/144.png
144,3,2.547,hurtful words,blade wound,pen | knife,1,2,0.429,in_progress,visual_reasoning/experiment_1/images/k3/144.png
144,4,3.845,power of words,weapon,pen | knife,1,2,0.571,in_progress,visual_reasoning/experiment_1/images/k4/144.png
144,5,2.952,betrayal,physical stabbing,pen | knife,1,2,0.429,in_progress,visual_reasoning/experiment_1/images/k5/144.png
144,6,3.956,words,weapons,pen | knife,1,2,0.571,in_progress,visual_reasoning/experiment_1/images/k6/144.png
144,7,2.169,harsh words,knife,pen | knife,1,2,0.429,in_progress,visual_reasoning/experiment_1/images/k7/144.png
144,8,4.992,verbal abuse,physical wounding,pen | knife,0,2,0.714,in_progress,visual_reasoning/experiment_1/images/k8/144.png
144,9,3.092,betrayal,physical wound,pen | knife,0,2,0.429,in_progress,visual_reasoning/experiment_1/images/k9/144.png
144,10,1.672,betrayal,physical destruction,pen | knife,0,2,0.286,in_progress,visual_reasoning/experiment_1/images/k10/144.png
145,1,1.553,social isolation,lone person in crowd,sea | loneliness,1,2,0.286,in_progress,visual_reasoning/experiment_1/images/k1/145.png
145,2,4.67,social pressure,drowning surrounded by masks,sea | loneliness,0,2,0.571,in_progress,visual_reasoning/experiment_1/images/k2/145.png
145,3,2.396,social isolation,drowning among faceless crowd,sea | loneliness,1,2,0.429,in_progress,visual_reasoning/experiment_1/images/k3/145.png
145,4,1.632,social isolation,ocean of faces,sea | loneliness,1,2,0.286,in_progress,visual_reasoning/experiment_1/images/k4/145.png
145,5,2.279,social pressure,ocean waves,sea | loneliness,1,2,0.429,in_progress,visual_reasoning/experiment_1/images/k5/145.png
145,6,1.511,social isolation,sea of stone faces,sea | loneliness,1,2,0.286,in_progress,visual_reasoning/experiment_1/images/k6/145.png
145,7,2.217,social isolation,sea of faceless figures,sea | loneliness,1,2,0.429,in_progress,visual_reasoning/experiment_1/images/k7/145.png
145,8,2.055,social isolation,drowning,sea | loneliness,1,2,0.429,in_progress,visual_reasoning/experiment_1/images/k8/145.png
145,9,1.722,social isolation,drowning,sea | loneliness,1,2,0.286,in_progress,visual_reasoning/experiment_1/images/k9/145.png
145,10,1.265,social isolation,drowning among faceless crowd,sea | loneliness,1,2,0.143,in_progress,visual_reasoning/experiment_1/images/k10/145.png
146,1,1.913,despair,blighted orchard,fruit | ignorance,0,2,0.286,in_progress,visual_reasoning/experiment_1/images/k1/146.png
146,2,2.531,missed opportunity,blindness amid rotting fruit,fruit | ignorance,0,2,0.286,in_progress,visual_reasoning/experiment_1/images/k2/146.png
146,3,5.276,ignorance of mortality,blindness,fruit | ignorance,1,2,0.714,in_progress,visual_reasoning/experiment_1/images/k3/146.png
146,4,2.776,missed opportunity,rotting fruit,fruit | ignorance,1,2,0.429,in_progress,visual_reasoning/experiment_1/images/k4/146.png
146,5,3.831,missed opportunity,blindness,fruit | ignorance,0,2,0.571,in_progress,visual_reasoning/experiment_1/images/k5/146.png
146,6,3.088,missed opportunity,blindfolded person surrounded by fruit,fruit | ignorance,1,2,0.429,in_progress,visual_reasoning/experiment_1/images/k6/146.png
146,7,3.685,willful ignorance,blindness amid abundance,fruit | ignorance,1,2,0.429,in_progress,visual_reasoning/experiment_1/images/k7/146.png
146,8,3.603,willful ignorance,starvation amid abundance,fruit | ignorance,1,2,0.429,in_progress,visual_reasoning/experiment_1/images/k8/146.png
146,9,3.36,poverty amid abundance,rotting fruit beneath fruitful tree,fruit | ignorance,0,2,0.571,in_progress,visual_reasoning/experiment_1/images/k9/146.png
146,10,3.407,missed opportunity,blindfolded starvation,fruit | ignorance,0,2,0.571,in_progress,visual_reasoning/experiment_1/images/k10/146.png
147,1,2.529,bureaucratic chaos,storm,faculty meeting | nightmare,0,2,0.286,in_progress,visual_reasoning/experiment_1/images/k1/147.png
147,2,1.303,bureaucratic overwhelm,storm,faculty meeting | nightmare,0,2,0.143,in_progress,visual_reasoning/experiment_1/images/k2/147.png
147,3,2.242,bureaucratic overwhelm,apocalyptic monster,faculty meeting | nightmare,0,2,0.286,in_progress,visual_reasoning/experiment_1/images/k3/147.png
147,4,1.901,academic bureaucracy,paper tornado,faculty meeting | nightmare,0,2,0.286,in_progress,visual_reasoning/experiment_1/images/k4/147.png
147,5,1.54,academic bureaucracy,devouring vortex,faculty meeting | nightmare,0,2,0.286,in_progress,visual_reasoning/experiment_1/images/k5/147.png
147,6,1.853,judicial bureaucracy,demon,faculty meeting | nightmare,0,2,0.286,in_progress,visual_reasoning/experiment_1/images/k6/147.png
147,7,3.891,faculty meeting,hellish torment,faculty meeting | nightmare,1,2,0.429,in_progress,visual_reasoning/experiment_1/images/k7/147.png
147,8,1.756,faculty meeting,nightmare,faculty meeting | nightmare,2,2,0.286,in_progress,visual_reasoning/experiment_1/images/k8/147.png
147,9,2.251,academic bureaucracy,avalanche of paperwork,faculty meeting | nightmare,0,2,0.286,in_progress,visual_reasoning/experiment_1/images/k9/147.png
147,10,2.02,faculty meeting,monster attack,faculty meeting | nightmare,1,2,0.286,in_progress,visual_reasoning/experiment_1/images/k10/147.png
148,1,2.593,overwhelming problem,whale in swimming pool,man | whale in swimming pool,1,2,0.429,in_progress,visual_reasoning/experiment_1/images/k1/148.png
148,2,2.5,being overwhelmed,whale in kiddie pool,man | whale in swimming pool,1,2,0.429,in_progress,visual_reasoning/experiment_1/images/k2/148.png
148,3,4.569,overwhelming problem,whale in small pool,man | whale in swimming pool,1,2,0.714,in_progress,visual_reasoning/experiment_1/images/k3/148.png
148,4,1.635,obesity,whale,man | whale in swimming pool,1,2,0.286,in_progress,visual_reasoning/experiment_1/images/k4/148.png
148,5,4.801,obesity,whale,man | whale in swimming pool,1,2,0.571,in_progress,visual_reasoning/experiment_1/images/k5/148.png
148,6,1.111,obesity,whale,man | whale in swimming pool,1,2,0.167,in_progress,visual_reasoning/experiment_1/images/k6/148.png
148,7,3.581,obesity,orca whale,man | whale in swimming pool,0,2,0.571,in_progress,visual_reasoning/experiment_1/images/k7/148.png
148,8,2.798,obesity,whale,man | whale in swimming pool,1,2,0.429,in_progress,visual_reasoning/experiment_1/images/k8/148.png
148,9,2.736,obesity,whale,man | whale in swimming pool,1,2,0.429,in_progress,visual_reasoning/experiment_1/images/k9/148.png
148,10,2.384,obesity,whale,man | whale in swimming pool,1,2,0.286,in_progress,visual_reasoning/experiment_1/images/k10/148.png
149,1,3.56,emotional crisis,firestorm,sky on fire | pain pouring down,0,2,0.571,generation_failed,visual_reasoning/experiment_1/images/k1/149.png
149,2,3.773,emotional torment,rain of fire,sky on fire | pain pouring down,1,2,0.571,generation_failed,visual_reasoning/experiment_1/images/k2/149.png
149,3,1.734,rage,firestorm,sky on fire | pain pouring down,0,2,0.286,generation_failed,visual_reasoning/experiment_1/images/k3/149.png
149,4,2.678,emotional turmoil,fire,sky on fire | pain pouring down,1,2,0.429,generation_failed,visual_reasoning/experiment_1/images/k4/149.png
150,1,2.576,collective survival,dark cave filled with skulls,jaws | death,0,2,0.429,in_progress,visual_reasoning/experiment_1/images/k1/150.png
150,2,3.558,courage,monster's maw,jaws | death,0,2,0.429,in_progress,visual_reasoning/experiment_1/images/k2/150.png
150,3,2.767,collective panic,monster devouring prey,jaws | death,0,2,0.429,in_progress,visual_reasoning/experiment_1/images/k3/150.png
150,4,1.495,existential dread,devouring skull,jaws | death,0,2,0.286,in_progress,visual_reasoning/experiment_1/images/k4/150.png
150,5,2.622,death,devouring monster,jaws | death,1,2,0.429,in_progress,visual_reasoning/experiment_1/images/k5/150.png
150,6,2.188,death,devouring monster,jaws | death,1,2,0.429,in_progress,visual_reasoning/experiment_1/images/k6/150.png
150,7,1.532,death,devouring beast,jaws | death,1,2,0.286,in_progress,visual_reasoning/experiment_1/images/k7/150.png
150,8,2.586,death,devouring monster,jaws | death,1,2,0.429,in_progress,visual_reasoning/experiment_1/images/k8/150.png
150,9,2.0,death,devouring monster,jaws | death,1,2,0.286,in_progress,visual_reasoning/experiment_1/images/k9/150.png
150,10,1.029,death,devouring maw,jaws | death,1,2,0.143,in_progress,visual_reasoning/experiment_1/images/k10/150.png
151,1,1.864,potential,germinating plant,seed | life on our planet,0,2,0.286,in_progress,visual_reasoning/experiment_1/images/k1/151.png
151,2,3.419,origin of life,egg hatching,seed | life on our planet,1,2,0.571,in_progress,visual_reasoning/experiment_1/images/k2/151.png
151,3,2.438,life on earth,hatching egg,seed | life on our planet,1,2,0.286,in_progress,visual_reasoning/experiment_1/images/k3/151.png
151,4,3.782,earth,seed,seed | life on our planet,1,2,0.571,in_progress,visual_reasoning/experiment_1/images/k4/151.png
151,5,3.355,planetary destruction,cracking egg,seed | life on our planet,0,2,0.571,in_progress,visual_reasoning/experiment_1/images/k5/151.png
151,6,1.399,life on earth,seed germination,seed | life on our planet,2,2,0.286,in_progress,visual_reasoning/experiment_1/images/k6/151.png
151,7,2.103,planetary life cycle,seed germination,seed | life on our planet,1,2,0.286,in_progress,visual_reasoning/experiment_1/images/k7/151.png
151,8,1.158,life on earth,plant rooted in earth's core,seed | life on our planet,1,2,0.143,in_progress,visual_reasoning/experiment_1/images/k8/151.png
151,9,2.849,environmental destruction,cracking planet core,seed | life on our planet,0,2,0.429,in_progress,visual_reasoning/experiment_1/images/k9/151.png
151,10,1.175,biodiversity,cracking egg,seed | life on our planet,0,2,0.143,in_progress,visual_reasoning/experiment_1/images/k10/151.png
152,1,3.176,rage,explosion,anger | explosion,2,2,0.429,in_progress,visual_reasoning/experiment_1/images/k1/152.png
152,2,2.242,rage,volcanic eruption,anger | explosion,1,2,0.429,in_progress,visual_reasoning/experiment_1/images/k2/152.png
152,3,3.093,anger,explosion,anger | explosion,2,2,0.429,in_progress,visual_reasoning/experiment_1/images/k3/152.png
152,4,2.507,anger,explosion,anger | explosion,2,2,0.286,in_progress,visual_reasoning/experiment_1/images/k4/152.png
152,5,2.134,rage,explosion,anger | explosion,2,2,0.286,in_progress,visual_reasoning/experiment_1/images/k5/152.png
152,6,1.206,anger,explosion,anger | explosion,2,2,0.143,in_progress,visual_reasoning/experiment_1/images/k6/152.png
152,7,1.717,anger,explosion,anger | explosion,2,2,0.286,in_progress,visual_reasoning/experiment_1/images/k7/152.png
152,8,1.167,anger,explosion,anger | explosion,2,2,0.167,in_progress,visual_reasoning/experiment_1/images/k8/152.png
152,9,2.363,anger,explosion,anger | explosion,2,2,0.286,in_progress,visual_reasoning/experiment_1/images/k9/152.png
152,10,2.32,anger,explosion,anger | explosion,2,2,0.286,in_progress,visual_reasoning/experiment_1/images/k10/152.png
153,1,0.0,happiness,none,love | summer day,1,2,0.0,flattened,visual_reasoning/experiment_1/images/k1/153.png
153,2,1.704,romantic love,blooming wildflower meadow,love | summer day,1,2,0.286,flattened,visual_reasoning/experiment_1/images/k2/153.png
153,3,1.475,romantic love,sunlight,love | summer day,1,2,0.286,flattened,visual_reasoning/experiment_1/images/k3/153.png
153,4,0.0,romantic love,none,love | summer day,1,2,0.0,flattened,visual_reasoning/experiment_1/images/k4/153.png
153,5,0.0,romantic love,sunshine in bloom,love | summer day,2,2,0.0,flattened,visual_reasoning/experiment_1/images/k5/153.png
154,1,3.773,mass movement,river current,crowd | roaring river,0,2,0.571,in_progress,visual_reasoning/experiment_1/images/k1/154.png
154,2,1.573,social protest movement,ocean waves,crowd | roaring river,0,2,0.286,in_progress,visual_reasoning/experiment_1/images/k2/154.png
154,3,1.624,fight against injustice,raging river current,crowd | roaring river,1,2,0.25,in_progress,visual_reasoning/experiment_1/images/k3/154.png
154,4,1.762,collective resistance against injustice,flood breaking stone wall,crowd | roaring river,0,2,0.286,in_progress,visual_reasoning/experiment_1/images/k4/154.png
154,5,3.72,fight for justice,raging river,crowd | roaring river,1,2,0.429,in_progress,visual_reasoning/experiment_1/images/k5/154.png
154,6,2.086,pursuit of justice,tidal wave breaking a wall,crowd | roaring river,0,2,0.286,in_progress,visual_reasoning/experiment_1/images/k6/154.png
154,7,3.56,social justice movement,tidal wave,crowd | roaring river,0,2,0.571,in_progress,visual_reasoning/experiment_1/images/k7/154.png
154,8,3.985,fight for justice,wave breaking wall,crowd | roaring river,0,2,0.571,in_progress,visual_reasoning/experiment_1/images/k8/154.png
154,9,2.147,social justice movement,tidal wave breaking a wall,crowd | roaring river,0,2,0.429,in_progress,visual_reasoning/experiment_1/images/k9/154.png
154,10,2.07,justice movement,flood breaking a wall,crowd | roaring river,0,2,0.286,in_progress,visual_reasoning/experiment_1/images/k10/154.png
155,1,0.0,bison stampede,none,heartbreak | stampede of buffalo,1,2,0.0,in_progress,visual_reasoning/experiment_1/images/k1/155.png
155,2,2.315,inner rage,bison stampede,heartbreak | stampede of buffalo,1,2,0.286,in_progress,visual_reasoning/experiment_1/images/k2/155.png
155,3,1.325,heart attack,bison stampede,heartbreak | stampede of buffalo,1,2,0.143,in_progress,visual_reasoning/experiment_1/images/k3/155.png
155,4,3.079,emotional overwhelm,bison stampede,heartbreak | stampede of buffalo,1,2,0.429,in_progress,visual_reasoning/experiment_1/images/k4/155.png
155,5,1.204,heart attack,buffalo stampede,heartbreak | stampede of buffalo,1,2,0.143,in_progress,visual_reasoning/experiment_1/images/k5/155.png
155,6,1.757,heartbreak,buffalo stampede,heartbreak | stampede of buffalo,2,2,0.286,in_progress,visual_reasoning/experiment_1/images/k6/155.png
155,7,1.163,heartbreak,stampede,heartbreak | stampede of buffalo,2,2,0.167,in_progress,visual_reasoning/experiment_1/images/k7/155.png
155,8,3.026,heartbreak,buffalo stampede,heartbreak | stampede of buffalo,2,2,0.429,in_progress,visual_reasoning/experiment_1/images/k8/155.png
155,9,1.757,overwhelming love,stampede,heartbreak | stampede of buffalo,1,2,0.286,in_progress,visual_reasoning/experiment_1/images/k9/155.png
155,10,2.933,heartbreak,bison stampede,heartbreak | stampede of buffalo,2,2,0.429,in_progress,visual_reasoning/experiment_1/images/k10/155.png
156,1,1.093,soul,harp,woman's heart | harp of gold,1,2,0.143,generation_failed,visual_reasoning/experiment_1/images/k1/156.png
156,2,2.175,musical passion,harp,woman's heart | harp of gold,1,2,0.429,generation_failed,visual_reasoning/experiment_1/images/k2/156.png
156,3,1.487,musical soul,harp,woman's heart | harp of gold,1,2,0.286,generation_failed,visual_reasoning/experiment_1/images/k3/156.png
156,4,1.039,inner musical passion,harp,woman's heart | harp of gold,1,2,0.143,generation_failed,visual_reasoning/experiment_1/images/k4/156.png
156,5,1.765,musical passion,harp,woman's heart | harp of gold,1,2,0.286,generation_failed,visual_reasoning/experiment_1/images/k5/156.png
157,1,3.033,memory,darkroom film development,absence | photography dark room,0,2,0.571,generation_failed,visual_reasoning/experiment_1/images/k1/157.png
157,2,1.85,heartbreak,darkroom photo development,absence | photography dark room,1,2,0.286,generation_failed,visual_reasoning/experiment_1/images/k2/157.png
157,3,1.279,heartbreak,burning photograph,absence | photography dark room,0,2,0.143,generation_failed,visual_reasoning/experiment_1/images/k3/157.png
158,1,0.0,friendship,none,alcohol | friend,1,2,0.0,in_progress,visual_reasoning/experiment_1/images/k1/158.png
158,2,5.941,alcohol addiction,friendship,alcohol | friend,2,2,0.75,in_progress,visual_reasoning/experiment_1/images/k2/158.png
158,3,1.519,alcohol addiction,charming companion,alcohol | friend,1,2,0.286,in_progress,visual_reasoning/experiment_1/images/k3/158.png
158,4,3.801,alcohol addiction,enslavement,alcohol | friend,1,2,0.571,in_progress,visual_reasoning/experiment_1/images/k4/158.png
158,5,2.298,alcohol appeal,friendly companion,alcohol | friend,2,2,0.5,in_progress,visual_reasoning/experiment_1/images/k5/158.png
158,6,6.4,alcohol addiction,seductive companion,alcohol | friend,1,2,0.714,in_progress,visual_reasoning/experiment_1/images/k6/158.png
158,7,1.966,alcohol,friendship,alcohol | friend,2,2,0.286,in_progress,visual_reasoning/experiment_1/images/k7/158.png
158,8,1.785,alcohol appeal,charming companion,alcohol | friend,1,2,0.286,in_progress,visual_reasoning/experiment_1/images/k8/158.png
158,9,3.498,alcohol temptation,charming companion,alcohol | friend,1,2,0.571,in_progress,visual_reasoning/experiment_1/images/k9/158.png
158,10,1.033,alcohol addiction,friendly companion,alcohol | friend,2,2,0.143,in_progress,visual_reasoning/experiment_1/images/k10/158.png
159,1,1.584,environmental destruction,gun,america | gun,1,2,0.286,in_progress,visual_reasoning/experiment_1/images/k1/159.png
159,2,5.513,fossil fuel dependence,industrial machine,america | gun,0,2,0.714,in_progress,visual_reasoning/experiment_1/images/k2/159.png
159,3,1.892,us fossil fuel industry,gun,america | gun,1,2,0.286,in_progress,visual_reasoning/experiment_1/images/k3/159.png
159,4,2.395,american gun and oil culture,oil-fueled revolver,america | gun,0,2,0.286,in_progress,visual_reasoning/experiment_1/images/k4/159.png
159,5,1.866,american oil industry,firearm,america | gun,1,2,0.286,in_progress,visual_reasoning/experiment_1/images/k5/159.png
159,6,2.856,us fossil fuel industry,weapon,america | gun,1,2,0.429,in_progress,visual_reasoning/experiment_1/images/k6/159.png
159,7,2.639,american fossil fuel industry,gun,america | gun,1,2,0.429,in_progress,visual_reasoning/experiment_1/images/k7/159.png
159,8,3.299,fossil fuel industry,gun,america | gun,1,2,0.571,in_progress,visual_reasoning/experiment_1/images/k8/159.png
159,9,3.01,american oil industry,gun,america | gun,1,2,0.5,in_progress,visual_reasoning/experiment_1/images/k9/159.png
159,10,2.159,fossil fuel industry,weapon,america | gun,1,2,0.429,in_progress,visual_reasoning/experiment_1/images/k10/159.png
160,1,1.632,knowledge,breaking chains,educated woman | danger,0,2,0.286,flattened,visual_reasoning/experiment_1/images/k1/160.png
160,2,1.213,knowledge,dangerous weapon,educated woman | danger,1,2,0.143,flattened,visual_reasoning/experiment_1/images/k2/160.png
160,3,1.062,knowledge,dangerous weapon,educated woman | danger,1,2,0.143,flattened,visual_reasoning/experiment_1/images/k3/160.png
160,4,2.74,education,weapon,educated woman | danger,0,2,0.429,flattened,visual_reasoning/experiment_1/images/k4/160.png
160,5,1.874,women's education,hazardous threat,educated woman | danger,2,2,0.286,flattened,visual_reasoning/experiment_1/images/k5/160.png
160,6,2.053,college degree,dangerous weapon,educated woman | danger,1,2,0.429,flattened,visual_reasoning/experiment_1/images/k6/160.png
160,7,1.098,college graduation,catastrophic explosion,educated woman | danger,0,2,0.167,flattened,visual_reasoning/experiment_1/images/k7/160.png
160,8,1.134,knowledge,radioactivity,educated woman | danger,0,2,0.143,flattened,visual_reasoning/experiment_1/images/k8/160.png
161,1,3.943,adversity,violent storm,unexpected loss | blow to the face,0,2,0.429,in_progress,visual_reasoning/experiment_1/images/k1/161.png
161,2,1.809,grief and loss,shattering explosion,unexpected loss | blow to the face,0,2,0.286,in_progress,visual_reasoning/experiment_1/images/k2/161.png
161,3,1.076,loss of cherished memories,physical blow,unexpected loss | blow to the face,1,2,0.143,in_progress,visual_reasoning/experiment_1/images/k3/161.png
161,4,0.0,grief over family loss,storm,unexpected loss | blow to the face,0,2,0.0,in_progress,visual_reasoning/experiment_1/images/k4/161.png
161,5,1.427,grief,explosion,unexpected loss | blow to the face,0,2,0.286,in_progress,visual_reasoning/experiment_1/images/k5/161.png
161,6,2.564,family loss,explosion,unexpected loss | blow to the face,0,2,0.286,in_progress,visual_reasoning/experiment_1/images/k6/161.png
161,7,4.047,heartbreak,physical destruction,unexpected loss | blow to the face,0,2,0.571,in_progress,visual_reasoning/experiment_1/images/k7/161.png
161,8,1.173,heartbreak,boxing punch,unexpected loss | blow to the face,0,2,0.143,in_progress,visual_reasoning/experiment_1/images/k8/161.png
161,9,2.59,heartbreak,boxing,unexpected loss | blow to the face,0,2,0.429,in_progress,visual_reasoning/experiment_1/images/k9/161.png
161,10,4.62,heartbreak,boxing knockout,unexpected loss | blow to the face,0,2,0.571,in_progress,visual_reasoning/experiment_1/images/k10/161.png
162,1,2.97,inner torment,demonic possession,anger | demon,1,2,0.5,in_progress,visual_reasoning/experiment_1/images/k1/162.png
162,2,1.723,inner rage,demon,anger | demon,2,2,0.286,in_progress,visual_reasoning/experiment_1/images/k2/162.png
162,3,1.064,inner rage,demonic possession,anger | demon,2,2,0.143,in_progress,visual_reasoning/experiment_1/images/k3/162.png
162,4,3.976,inner turmoil,demonic possession,anger | demon,1,2,0.571,in_progress,visual_reasoning/experiment_1/images/k4/162.png
162,5,2.351,rage,demonic possession,anger | demon,2,2,0.429,in_progress,visual_reasoning/experiment_1/images/k5/162.png
162,6,3.736,addiction,demon,anger | demon,1,2,0.571,in_progress,visual_reasoning/experiment_1/images/k6/162.png
162,7,2.735,anger,demon,anger | demon,2,2,0.429,in_progress,visual_reasoning/experiment_1/images/k7/162.png
162,8,1.688,inner rage,demon breaking free,anger | demon,2,2,0.286,in_progress,visual_reasoning/experiment_1/images/k8/162.png
162,9,2.846,inner rage,demonic possession,anger | demon,2,2,0.429,in_progress,visual_reasoning/experiment_1/images/k9/162.png
162,10,2.323,rage,demon bursting from within,anger | demon,2,2,0.429,in_progress,visual_reasoning/experiment_1/images/k10/162.png
163,1,7.157,paralysis in the face of danger,deer caught in headlights,anxiety | freight train that runs over a deer,1,2,0.857,in_progress,visual_reasoning/experiment_1/images/k1/163.png
163,2,3.901,unavoidable danger,oncoming train,anxiety | freight train that runs over a deer,1,2,0.571,in_progress,visual_reasoning/experiment_1/images/k2/163.png
163,3,1.995,paralysis in the face of danger,deer caught by oncoming train,anxiety | freight train that runs over a deer,1,2,0.286,in_progress,visual_reasoning/experiment_1/images/k3/163.png
163,4,3.662,paralysis under threat,deer in headlights,anxiety | freight train that runs over a deer,0,2,0.429,in_progress,visual_reasoning/experiment_1/images/k4/163.png
163,5,4.467,fear-induced paralysis,animal frozen before oncoming train,anxiety | freight train that runs over a deer,1,2,0.571,in_progress,visual_reasoning/experiment_1/images/k5/163.png
163,6,3.805,paralysis under pressure,deer in headlights,anxiety | freight train that runs over a deer,0,2,0.571,in_progress,visual_reasoning/experiment_1/images/k6/163.png
163,7,4.014,paralysis in face of danger,deer struck by train,anxiety | freight train that runs over a deer,1,2,0.571,in_progress,visual_reasoning/experiment_1/images/k7/163.png
163,8,2.895,panic and mental paralysis,deer in headlights,anxiety | freight train that runs over a deer,0,2,0.429,in_progress,visual_reasoning/experiment_1/images/k8/163.png
163,9,2.165,anxiety,deer in headlights,anxiety | freight train that runs over a deer,1,2,0.429,in_progress,visual_reasoning/experiment_1/images/k9/163.png
163,10,1.855,helplessness,train collision,anxiety | freight train that runs over a deer,2,2,0.286,in_progress,visual_reasoning/experiment_1/images/k10/163.png
164,1,2.85,depression,autumn forest,autumn | depression,2,2,0.429,in_progress,visual_reasoning/experiment_1/images/k1/164.png
164,2,1.769,depression,autumn,autumn | depression,2,2,0.286,in_progress,visual_reasoning/experiment_1/images/k2/164.png
164,3,2.838,depression,swirling storm of fallen leaves,autumn | depression,1,2,0.429,in_progress,visual_reasoning/experiment_1/images/k3/164.png
164,4,2.257,loneliness,dark enclosure,autumn | depression,1,2,0.429,in_progress,visual_reasoning/experiment_1/images/k4/164.png
164,5,2.91,social isolation,decay,autumn | depression,0,2,0.429,in_progress,visual_reasoning/experiment_1/images/k5/164.png
164,6,1.815,social exclusion,dark tunnel with distant light,autumn | depression,0,2,0.286,in_progress,visual_reasoning/experiment_1/images/k6/164.png
164,7,3.33,longing for hope,cold darkness and warm light,autumn | depression,0,2,0.429,in_progress,visual_reasoning/experiment_1/images/k7/164.png
164,8,1.614,clinging to hope,last surviving leaf,autumn | depression,0,2,0.286,in_progress,visual_reasoning/experiment_1/images/k8/164.png
164,9,3.377,depression,autumn decay,autumn | depression,2,2,0.571,in_progress,visual_reasoning/experiment_1/images/k9/164.png
164,10,1.546,depression,autumn decay,autumn | depression,2,2,0.286,in_progress,visual_reasoning/experiment_1/images/k10/164.png
169,1,1.772,moral corruption,balance scale,sin | wage you must pa,0,2,0.286,in_progress,visual_reasoning/experiment_1/images/k1/169.png
169,2,3.91,sin,financial debt,sin | wage you must pa,1,2,0.571,in_progress,visual_reasoning/experiment_1/images/k2/169.png
169,3,2.605,sin,priced commodity,sin | wage you must pa,1,2,0.429,in_progress,visual_reasoning/experiment_1/images/k3/169.png
169,4,8.052,sin and guilt,financial debt,sin | wage you must pa,1,2,1.0,in_progress,visual_reasoning/experiment_1/images/k4/169.png
169,5,3.343,lust,shackles,sin | wage you must pa,0,2,0.571,in_progress,visual_reasoning/experiment_1/images/k5/169.png
169,6,4.813,sin,wage payment,sin | wage you must pa,2,2,0.571,in_progress,visual_reasoning/experiment_1/images/k6/169.png
169,7,1.734,sin,chains and bondage,sin | wage you must pa,1,2,0.286,in_progress,visual_reasoning/experiment_1/images/k7/169.png
169,8,3.39,sin,physical bondage,sin | wage you must pa,1,2,0.429,in_progress,visual_reasoning/experiment_1/images/k8/169.png
169,9,3.774,wage slavery,slavery,sin | wage you must pa,0,2,0.571,in_progress,visual_reasoning/experiment_1/images/k9/169.png
169,10,1.949,sin and its consequences,wage payment,sin | wage you must pa,2,2,0.286,in_progress,visual_reasoning/experiment_1/images/k10/169.png
170,1,3.004,psychological crisis,abyss,failure | treacherous pit,0,2,0.429,in_progress,visual_reasoning/experiment_1/images/k1/170.png
170,2,2.17,financial collapse,falling into abyss,failure | treacherous pit,0,2,0.286,in_progress,visual_reasoning/experiment_1/images/k2/170.png
170,3,2.977,financial collapse,falling off cliff,failure | treacherous pit,0,2,0.429,in_progress,visual_reasoning/experiment_1/images/k3/170.png
170,4,1.675,business failure,falling into abyss,failure | treacherous pit,1,2,0.286,in_progress,visual_reasoning/experiment_1/images/k4/170.png
170,5,1.913,financial ruin,falling into a pit,failure | treacherous pit,1,2,0.286,in_progress,visual_reasoning/experiment_1/images/k5/170.png
170,6,2.526,financial failure,falling off a cliff,failure | treacherous pit,1,2,0.429,in_progress,visual_reasoning/experiment_1/images/k6/170.png
170,7,1.7,financial failure,abyss,failure | treacherous pit,1,2,0.286,in_progress,visual_reasoning/experiment_1/images/k7/170.png
170,8,1.22,business failure,cliff edge,failure | treacherous pit,1,2,0.143,in_progress,visual_reasoning/experiment_1/images/k8/170.png
170,9,1.332,business failure,bottomless pit,failure | treacherous pit,2,2,0.143,in_progress,visual_reasoning/experiment_1/images/k9/170.png
170,10,1.128,financial collapse,earthquake,failure | treacherous pit,0,2,0.143,in_progress,visual_reasoning/experiment_1/images/k10/170.png
171,1,1.763,uncertainty about the future,foggy mountain road,faith | dangerous road,1,2,0.286,in_progress,visual_reasoning/experiment_1/images/k1/171.png
171,2,3.741,spiritual journey,walking into fog,faith | dangerous road,0,2,0.571,in_progress,visual_reasoning/experiment_1/images/k2/171.png
171,3,3.224,faith,dangerous path,faith | dangerous road,2,2,0.571,in_progress,visual_reasoning/experiment_1/images/k3/171.png
171,4,4.607,religious faith,dangerous journey,faith | dangerous road,2,2,0.571,in_progress,visual_reasoning/experiment_1/images/k4/171.png
171,5,3.378,religious faith,guiding light,faith | dangerous road,1,2,0.429,in_progress,visual_reasoning/experiment_1/images/k5/171.png
171,6,2.018,religious fanaticism,dangerous path through death,faith | dangerous road,1,2,0.286,in_progress,visual_reasoning/experiment_1/images/k6/171.png
171,7,2.968,faith,perilous journey,faith | dangerous road,1,2,0.571,in_progress,visual_reasoning/experiment_1/images/k7/171.png
171,8,2.0,religious faith,light guiding through danger,faith | dangerous road,1,2,0.286,in_progress,visual_reasoning/experiment_1/images/k8/171.png
171,9,4.223,religious faith,shield against danger,faith | dangerous road,1,2,0.571,in_progress,visual_reasoning/experiment_1/images/k9/171.png
171,10,2.558,faith,journey through storm,faith | dangerous road,1,2,0.429,in_progress,visual_reasoning/experiment_1/images/k10/171.png
172,1,3.12,captivity,padlock and chains,fear | lock,1,2,0.429,in_progress,visual_reasoning/experiment_1/images/k1/172.png
172,2,1.557,entrapment,padlock,fear | lock,1,2,0.286,in_progress,visual_reasoning/experiment_1/images/k2/172.png
172,3,5.124,psychological imprisonment,padlock,fear | lock,1,2,0.571,in_progress,visual_reasoning/experiment_1/images/k3/172.png
172,4,2.256,personal limitation,padlock,fear | lock,1,2,0.429,in_progress,visual_reasoning/experiment_1/images/k4/172.png
172,5,3.111,emotional imprisonment,padlock,fear | lock,1,2,0.429,in_progress,visual_reasoning/experiment_1/images/k5/172.png
172,6,1.62,psychological fear,padlock,fear | lock,2,2,0.286,in_progress,visual_reasoning/experiment_1/images/k6/172.png
172,7,4.046,emotional captivity,padlock and chains,fear | lock,1,2,0.571,in_progress,visual_reasoning/experiment_1/images/k7/172.png
172,8,4.644,psychological imprisonment,chains and padlock,fear | lock,1,2,0.571,in_progress,visual_reasoning/experiment_1/images/k8/172.png
172,9,3.644,emotional captivity,chains and locks,fear | lock,1,2,0.429,in_progress,visual_reasoning/experiment_1/images/k9/172.png
172,10,1.612,emotional imprisonment,padlock and chains,fear | lock,1,2,0.286,in_progress,visual_reasoning/experiment_1/images/k10/172.png
173,1,1.146,romantic love,sheltering tree,friendship | sheltering tree,1,2,0.143,in_progress,visual_reasoning/experiment_1/images/k1/173.png
173,2,1.467,friendship,tree shelter,friendship | sheltering tree,2,2,0.286,in_progress,visual_reasoning/experiment_1/images/k2/173.png
173,3,4.183,friendship,shelter from storm,friendship | sheltering tree,1,2,0.571,in_progress,visual_reasoning/experiment_1/images/k3/173.png
173,4,1.393,friendship,shelter from storm,friendship | sheltering tree,1,2,0.286,in_progress,visual_reasoning/experiment_1/images/k4/173.png
173,5,1.618,friendship,ancient tree,friendship | sheltering tree,1,2,0.286,in_progress,visual_reasoning/experiment_1/images/k5/173.png
173,6,2.518,friendship,sheltering tree,friendship | sheltering tree,2,2,0.429,in_progress,visual_reasoning/experiment_1/images/k6/173.png
173,7,1.742,shared memories,light in storm,friendship | sheltering tree,0,2,0.286,in_progress,visual_reasoning/experiment_1/images/k7/173.png
173,8,1.248,friendship,shelter from storm,friendship | sheltering tree,1,2,0.143,in_progress,visual_reasoning/experiment_1/images/k8/173.png
173,9,1.71,friendship,shelter from storm,friendship | sheltering tree,1,2,0.286,in_progress,visual_reasoning/experiment_1/images/k9/173.png
173,10,2.356,friendship,sheltering tree,friendship | sheltering tree,2,2,0.286,in_progress,visual_reasoning/experiment_1/images/k10/173.png
174,1,3.47,perseverance through adversity,blizzard,hate | blizzard,1,2,0.571,in_progress,visual_reasoning/experiment_1/images/k1/174.png
174,2,2.275,blizzard,ferocious beast,hate | blizzard,1,2,0.429,in_progress,visual_reasoning/experiment_1/images/k2/174.png
174,3,1.741,blizzard,monster,hate | blizzard,1,2,0.286,in_progress,visual_reasoning/experiment_1/images/k3/174.png
174,4,4.196,human struggle against adversity,monster,hate | blizzard,0,2,0.571,in_progress,visual_reasoning/experiment_1/images/k4/174.png
174,5,3.576,blizzard,monster,hate | blizzard,1,2,0.571,in_progress,visual_reasoning/experiment_1/images/k5/174.png
174,6,3.04,blizzard,monster,hate | blizzard,1,2,0.429,in_progress,visual_reasoning/experiment_1/images/k6/174.png
174,7,1.243,blizzard,monster,hate | blizzard,1,2,0.143,in_progress,visual_reasoning/experiment_1/images/k7/174.png
174,8,2.273,blizzard,angry giant,hate | blizzard,1,2,0.429,in_progress,visual_reasoning/experiment_1/images/k8/174.png
174,9,1.926,adversity,wrathful monster,hate | blizzard,0,2,0.286,in_progress,visual_reasoning/experiment_1/images/k9/174.png
174,10,2.561,hate,mountain climbing in a blizzard,hate | blizzard,1,2,0.429,in_progress,visual_reasoning/experiment_1/images/k10/174.png
175,1,2.296,wild femininity,bird's nest,hair | bird's nest,1,2,0.286,in_progress,visual_reasoning/experiment_1/images/k1/175.png
175,2,3.532,nurturing instinct,bird's nest,hair | bird's nest,1,2,0.571,in_progress,visual_reasoning/experiment_1/images/k2/175.png
175,3,2.692,nurturing potential,nest with golden eggs,hair | bird's nest,1,2,0.429,in_progress,visual_reasoning/experiment_1/images/k3/175.png
175,4,4.35,maternal nurturing,nest with glowing eggs,hair | bird's nest,1,2,0.571,in_progress,visual_reasoning/experiment_1/images/k4/175.png
175,5,3.709,nurturing creativity,nest with glowing eggs,hair | bird's nest,1,2,0.571,in_progress,visual_reasoning/experiment_1/images/k5/175.png
175,6,2.551,cherished potential,golden eggs in nest,hair | bird's nest,1,2,0.429,in_progress,visual_reasoning/experiment_1/images/k6/175.png
175,7,2.786,maternal nurturing,bird's nest with eggs,hair | bird's nest,1,2,0.429,in_progress,visual_reasoning/experiment_1/images/k7/175.png
175,8,3.749,hopes and dreams,glowing eggs in nest,hair | bird's nest,0,2,0.571,in_progress,visual_reasoning/experiment_1/images/k8/175.png
175,9,2.845,maternal nurturing,bird's nest,hair | bird's nest,1,2,0.429,in_progress,visual_reasoning/experiment_1/images/k9/175.png
175,10,3.004,precious opportunity,golden eggs in nest,hair | bird's nest,1,2,0.429,in_progress,visual_reasoning/experiment_1/images/k10/175.png
176,1,2.024,feminine beauty,ocean waves,hair | sea,1,2,0.286,in_progress,visual_reasoning/experiment_1/images/k1/176.png
176,2,2.396,feminine passion,stormy ocean waves,hair | sea,1,2,0.429,in_progress,visual_reasoning/experiment_1/images/k2/176.png
176,3,1.092,feminine power,elemental forces,hair | sea,0,2,0.143,in_progress,visual_reasoning/experiment_1/images/k3/176.png
176,4,3.812,overwhelming emotion,ocean wave,hair | sea,1,2,0.571,in_progress,visual_reasoning/experiment_1/images/k4/176.png
176,5,2.097,inner passion,ocean waves and radiant light,hair | sea,0,2,0.429,in_progress,visual_reasoning/experiment_1/images/k5/176.png
176,6,2.55,inner passion,fire and water,hair | sea,0,2,0.429,in_progress,visual_reasoning/experiment_1/images/k6/176.png
176,7,2.784,heartbreak,storm,hair | sea,0,2,0.429,in_progress,visual_reasoning/experiment_1/images/k7/176.png
176,8,1.878,heartbreak,stormy ocean waves,hair | sea,1,2,0.286,in_progress,visual_reasoning/experiment_1/images/k8/176.png
176,9,1.93,heartbreak,ocean waves,hair | sea,1,2,0.286,in_progress,visual_reasoning/experiment_1/images/k9/176.png
176,10,3.167,heartbreak,ocean waves,hair | sea,1,2,0.429,in_progress,visual_reasoning/experiment_1/images/k10/176.png
177,1,1.5,impermanence,mist,hair | curling mist,1,2,0.143,in_progress,visual_reasoning/experiment_1/images/k1/177.png
177,2,2.01,thoughts,swirling smoke,hair | curling mist,0,2,0.286,in_progress,visual_reasoning/experiment_1/images/k2/177.png
177,3,0.938,daydreaming,swirling mist,hair | curling mist,1,2,0.143,in_progress,visual_reasoning/experiment_1/images/k3/177.png
177,4,1.476,thoughts,smoke,hair | curling mist,0,2,0.286,in_progress,visual_reasoning/experiment_1/images/k4/177.png
177,5,1.224,inner freedom,smoke,hair | curling mist,0,2,0.143,in_progress,visual_reasoning/experiment_1/images/k5/177.png
177,6,2.606,fleeting thoughts,smoke,hair | curling mist,0,2,0.429,in_progress,visual_reasoning/experiment_1/images/k6/177.png
177,7,1.931,meditation,smoke,hair | curling mist,0,2,0.286,in_progress,visual_reasoning/experiment_1/images/k7/177.png
177,8,0.992,meditation,dissipating smoke,hair | curling mist,0,2,0.143,in_progress,visual_reasoning/experiment_1/images/k8/177.png
177,9,2.197,mindfulness,smoke,hair | curling mist,0,2,0.286,in_progress,visual_reasoning/experiment_1/images/k9/177.png
177,10,1.451,mindfulness,flowing wind,hair | curling mist,0,2,0.286,in_progress,visual_reasoning/experiment_1/images/k10/177.png
178,1,0.0,inner strength,storm,love | hurricane,1,2,0.0,flattened,visual_reasoning/experiment_1/images/k1/178.png
178,2,0.969,love,storm,love | hurricane,2,2,0.143,flattened,visual_reasoning/experiment_1/images/k2/178.png
178,3,1.898,heartbreak,storm,love | hurricane,2,2,0.286,flattened,visual_reasoning/experiment_1/images/k3/178.png
178,4,1.917,heartbreak,storm,love | hurricane,2,2,0.286,flattened,visual_reasoning/experiment_1/images/k4/178.png
179,1,3.6,lips,flower,mouth | poison flower,2,2,0.667,generation_failed,visual_reasoning/experiment_1/images/k1/179.png
179,2,1.828,passionate speech,blooming flower,mouth | poison flower,0,2,0.286,generation_failed,visual_reasoning/experiment_1/images/k2/179.png
180,1,2.715,emotional coldness,melting ice,smile | warm fire,0,2,0.429,flattened,visual_reasoning/experiment_1/images/k1/180.png
180,2,1.766,joy,fire breaking through ice,smile | warm fire,0,2,0.286,flattened,visual_reasoning/experiment_1/images/k2/180.png
180,3,1.664,passionate love,fire,smile | warm fire,1,2,0.286,flattened,visual_reasoning/experiment_1/images/k3/180.png
180,4,2.048,romantic love,fire and ice,smile | warm fire,1,2,0.286,flattened,visual_reasoning/experiment_1/images/k4/180.png
180,5,2.05,love,fire and ice,smile | warm fire,1,2,0.429,flattened,visual_reasoning/experiment_1/images/k5/180.png
181,1,2.138,inner peace,immersion in still water,soul | quiet sea,0,2,0.429,in_progress,visual_reasoning/experiment_1/images/k1/181.png
181,2,0.948,inner peace,eye of the storm,soul | quiet sea,0,2,0.143,in_progress,visual_reasoning/experiment_1/images/k2/181.png
181,3,4.078,inner peace,calm light amid storm,soul | quiet sea,0,2,0.571,in_progress,visual_reasoning/experiment_1/images/k3/181.png
181,4,4.486,inner peace,calm amid stormy ocean,soul | quiet sea,1,2,0.714,in_progress,visual_reasoning/experiment_1/images/k4/181.png
181,5,0.97,inner peace,radiant light,soul | quiet sea,0,2,0.143,in_progress,visual_reasoning/experiment_1/images/k5/181.png
181,6,2.143,inner peace,inner light,soul | quiet sea,0,2,0.286,in_progress,visual_reasoning/experiment_1/images/k6/181.png
181,7,0.991,inner peace,still water,soul | quiet sea,0,2,0.143,in_progress,visual_reasoning/experiment_1/images/k7/181.png
181,8,2.639,inner peace,inner light,soul | quiet sea,0,2,0.429,in_progress,visual_reasoning/experiment_1/images/k8/181.png
181,9,1.155,inner peace,calm ocean,soul | quiet sea,1,2,0.143,in_progress,visual_reasoning/experiment_1/images/k9/181.png
181,10,1.615,inner peace,calm ocean,soul | quiet sea,1,2,0.286,in_progress,visual_reasoning/experiment_1/images/k10/181.png
186,1,2.019,relationship obstacles,dead end alley,love | dead end,1,2,0.429,flattened,visual_reasoning/experiment_1/images/k1/186.png
186,2,4.18,romantic love,light in darkness,love | dead end,1,2,0.556,flattened,visual_reasoning/experiment_1/images/k2/186.png
186,3,1.337,love,light in darkness,love | dead end,1,2,0.143,flattened,visual_reasoning/experiment_1/images/k3/186.png
186,4,2.948,romantic relationship,brick wall,love | dead end,0,2,0.429,flattened,visual_reasoning/experiment_1/images/k4/186.png
186,5,2.39,failing relationship,dead end road,love | dead end,1,2,0.429,flattened,visual_reasoning/experiment_1/images/k5/186.png
186,6,1.832,love,imprisonment,love | dead end,1,2,0.286,flattened,visual_reasoning/experiment_1/images/k6/186.png
186,7,3.223,love,imprisonment,love | dead end,1,2,0.571,flattened,visual_reasoning/experiment_1/images/k7/186.png
186,8,3.212,love,imprisonment,love | dead end,1,2,0.571,flattened,visual_reasoning/experiment_1/images/k8/186.png
187,1,1.053,duality,sword,love | double-edged sword,0,2,0.143,generation_failed,visual_reasoning/experiment_1/images/k1/187.png
188,1,2.715,heartbreak,illness,love | sickness,2,2,0.429,generation_failed,visual_reasoning/experiment_1/images/k1/188.png
188,2,3.603,heartbreak,physical illness,love | sickness,2,2,0.714,generation_failed,visual_reasoning/experiment_1/images/k2/188.png
188,3,1.436,heartbreak,illness,love | sickness,2,2,0.286,generation_failed,visual_reasoning/experiment_1/images/k3/188.png
188,4,3.153,heartbreak,illness,love | sickness,2,2,0.571,generation_failed,visual_reasoning/experiment_1/images/k4/188.png
189,1,3.022,creativity,crayons,brain | box of crayons,1,2,0.429,flattened,visual_reasoning/experiment_1/images/k1/189.png
189,2,2.712,creativity,crayon box,brain | box of crayons,1,2,0.429,flattened,visual_reasoning/experiment_1/images/k2/189.png
189,3,3.272,creativity,crayon box,brain | box of crayons,1,2,0.571,flattened,visual_reasoning/experiment_1/images/k3/189.png
189,4,2.301,creative imagination,crayons,brain | box of crayons,1,2,0.286,flattened,visual_reasoning/experiment_1/images/k4/189.png
189,5,1.792,imagination,crayons,brain | box of crayons,1,2,0.286,flattened,visual_reasoning/experiment_1/images/k5/189.png
189,6,1.748,creative imagination,crayon box,brain | box of crayons,1,2,0.286,flattened,visual_reasoning/experiment_1/images/k6/189.png
190,1,1.754,emotions,painting,heart | blank canvas,0,2,0.429,in_progress,visual_reasoning/experiment_1/images/k1/190.png
190,2,2.302,emotional duality,fire and ice,heart | blank canvas,0,2,0.429,in_progress,visual_reasoning/experiment_1/images/k2/190.png
190,3,1.554,emotional conflict,fire and ice,heart | blank canvas,0,2,0.286,in_progress,visual_reasoning/experiment_1/images/k3/190.png
190,4,1.904,emotion,blank canvas,heart | blank canvas,2,2,0.286,in_progress,visual_reasoning/experiment_1/images/k4/190.png
190,5,3.089,heartbreak,explosion,heart | blank canvas,1,2,0.571,in_progress,visual_reasoning/experiment_1/images/k5/190.png
190,6,1.442,heartbreak,open book,heart | blank canvas,1,2,0.286,in_progress,visual_reasoning/experiment_1/images/k6/190.png
190,7,2.289,emotional expression,paint explosion,heart | blank canvas,0,2,0.429,in_progress,visual_reasoning/experiment_1/images/k7/190.png
190,8,2.052,queer love,cracked heart,heart | blank canvas,1,2,0.286,in_progress,visual_reasoning/experiment_1/images/k8/190.png
190,9,1.548,inner emotions,painting,heart | blank canvas,0,2,0.286,in_progress,visual_reasoning/experiment_1/images/k9/190.png
190,10,3.482,emotional vulnerability,cracked vessel,heart | blank canvas,0,2,0.571,in_progress,visual_reasoning/experiment_1/images/k10/190.png
191,1,1.294,dance,fire,heart | dancer,1,2,0.143,generation_failed,visual_reasoning/experiment_1/images/k1/191.png
191,2,1.729,love,ballet dancing,heart | dancer,1,2,0.286,generation_failed,visual_reasoning/experiment_1/images/k2/191.png
191,3,1.808,passion,ballet dancer,heart | dancer,1,2,0.333,generation_failed,visual_reasoning/experiment_1/images/k3/191.png
191,4,2.517,passion,ballet dancer,heart | dancer,1,2,0.286,generation_failed,visual_reasoning/experiment_1/images/k4/191.png
192,1,1.009,lost love,decaying garden,heart | garden in autumn,0,2,0.143,in_progress,visual_reasoning/experiment_1/images/k1/192.png
192,2,2.636,romantic love,intertwined trees,heart | garden in autumn,0,2,0.429,in_progress,visual_reasoning/experiment_1/images/k2/192.png
192,3,4.157,love,intertwined trees,heart | garden in autumn,0,2,0.714,in_progress,visual_reasoning/experiment_1/images/k3/192.png
192,4,2.697,human heart,ancient ruin,heart | garden in autumn,1,2,0.429,in_progress,visual_reasoning/experiment_1/images/k4/192.png
192,5,1.554,love,candle,heart | garden in autumn,0,2,0.286,in_progress,visual_reasoning/experiment_1/images/k5/192.png
192,6,1.807,love,candle flame,heart | garden in autumn,0,2,0.286,in_progress,visual_reasoning/experiment_1/images/k6/192.png
192,7,6.102,broken heart,decaying tree,heart | garden in autumn,1,2,0.857,in_progress,visual_reasoning/experiment_1/images/k7/192.png
192,8,3.645,heartache,fire burning in fallen leaves,heart | garden in autumn,1,2,0.571,in_progress,visual_reasoning/experiment_1/images/k8/192.png
192,9,2.124,heartbreak,barren forest,heart | garden in autumn,1,2,0.286,in_progress,visual_reasoning/experiment_1/images/k9/192.png
192,10,2.197,emotional neglect,dead garden,heart | garden in autumn,0,2,0.286,in_progress,visual_reasoning/experiment_1/images/k10/192.png
193,1,2.246,emotional volatility,roller coaster,jaws | rollercoaster,1,2,0.286,flattened,visual_reasoning/experiment_1/images/k1/193.png
193,2,1.361,human jaw,mechanical machine,jaws | rollercoaster,0,2,0.143,flattened,visual_reasoning/experiment_1/images/k2/193.png
193,3,1.539,emotional turmoil,roller coaster,jaws | rollercoaster,1,2,0.286,flattened,visual_reasoning/experiment_1/images/k3/193.png
193,4,2.679,fear,roller coaster,jaws | rollercoaster,1,2,0.429,flattened,visual_reasoning/experiment_1/images/k4/193.png
193,5,2.855,roller coaster ride,monster's mouth,jaws | rollercoaster,1,2,0.429,flattened,visual_reasoning/experiment_1/images/k5/193.png
193,6,3.943,roller coaster ride,monster devouring prey,jaws | rollercoaster,1,2,0.571,flattened,visual_reasoning/experiment_1/images/k6/193.png
193,7,2.169,roller coaster ride,giant mouth,jaws | rollercoaster,1,2,0.25,flattened,visual_reasoning/experiment_1/images/k7/193.png
193,8,2.431,roller coaster ride,shark attack,jaws | rollercoaster,1,2,0.429,flattened,visual_reasoning/experiment_1/images/k8/193.png
193,9,2.435,roller coaster,predatory jaws,jaws | rollercoaster,2,2,0.286,flattened,visual_reasoning/experiment_1/images/k9/193.png
194,1,2.36,pursuit of illusory goals,desert mirage,mind | desert,1,2,0.429,in_progress,visual_reasoning/experiment_1/images/k1/194.png
194,2,3.272,intellectual pursuit,desert exploration,mind | desert,1,2,0.429,in_progress,visual_reasoning/experiment_1/images/k2/194.png
194,3,1.899,human mind,desert landscape,mind | desert,2,2,0.286,in_progress,visual_reasoning/experiment_1/images/k3/194.png
194,4,7.449,cognitive exploration,brain landscape,mind | desert,0,2,0.875,in_progress,visual_reasoning/experiment_1/images/k4/194.png
194,5,2.421,mental breakdown,cracked desert with lightning,mind | desert,0,2,0.286,in_progress,visual_reasoning/experiment_1/images/k5/194.png
194,6,3.259,mental exhaustion,cracked desert,mind | desert,1,2,0.571,in_progress,visual_reasoning/experiment_1/images/k6/194.png
194,7,3.63,mental trauma,cracked earth,mind | desert,0,2,0.571,in_progress,visual_reasoning/experiment_1/images/k7/194.png
194,8,1.666,psychological trauma,cracked burning brain,mind | desert,0,2,0.286,in_progress,visual_reasoning/experiment_1/images/k8/194.png
194,9,1.994,war trauma,cracked burning earth,mind | desert,0,2,0.286,in_progress,visual_reasoning/experiment_1/images/k9/194.png
194,10,4.214,mental exhaustion,cracked desert,mind | desert,1,2,0.571,in_progress,visual_reasoning/experiment_1/images/k10/194.png
195,1,2.679,speech,clockwork mechanism,mouth | music box,0,2,0.429,max_rounds,visual_reasoning/experiment_1/images/k1/195.png
195,2,2.894,human voice,music box,mouth | music box,1,2,0.429,max_rounds,visual_reasoning/experiment_1/images/k2/195.png
195,3,1.759,human voice,music box,mouth | music box,1,2,0.286,max_rounds,visual_reasoning/experiment_1/images/k3/195.png
195,4,2.107,human voice,music box mechanism,mouth | music box,1,2,0.429,max_rounds,visual_reasoning/experiment_1/images/k4/195.png
195,5,3.664,human voice,music box,mouth | music box,1,2,0.571,max_rounds,visual_reasoning/experiment_1/images/k5/195.png
195,6,4.627,human voice,music box,mouth | music box,1,2,0.571,max_rounds,visual_reasoning/experiment_1/images/k6/195.png
195,7,2.759,singing,mechanical machine,mouth | music box,0,2,0.429,max_rounds,visual_reasoning/experiment_1/images/k7/195.png
195,8,4.862,human voice,music box,mouth | music box,1,2,0.571,max_rounds,visual_reasoning/experiment_1/images/k8/195.png
195,9,3.487,singing,music box mechanism,mouth | music box,1,2,0.429,max_rounds,visual_reasoning/experiment_1/images/k9/195.png
195,10,1.393,freedom of expression,zipper,mouth | music box,0,2,0.286,max_rounds,visual_reasoning/experiment_1/images/k10/195.png
198,1,3.439,vulnerability,injured bird,soul | bird with broken wings,1,2,0.571,in_progress,visual_reasoning/experiment_1/images/k1/198.png
198,2,2.957,hope,guardian protecting vulnerable creature,soul | bird with broken wings,0,2,0.429,in_progress,visual_reasoning/experiment_1/images/k2/198.png
198,3,2.632,human soul,caged bird,soul | bird with broken wings,2,2,0.571,in_progress,visual_reasoning/experiment_1/images/k3/198.png
198,4,2.284,inner self,captive bird,soul | bird with broken wings,1,2,0.286,in_progress,visual_reasoning/experiment_1/images/k4/198.png
198,5,3.687,resilience,phoenix,soul | bird with broken wings,0,2,0.5,in_progress,visual_reasoning/experiment_1/images/k5/198.png
198,6,1.747,despair,dead bird,soul | bird with broken wings,1,2,0.286,in_progress,visual_reasoning/experiment_1/images/k6/198.png
198,7,1.521,inner suffering,dark bird consuming light,soul | bird with broken wings,0,2,0.333,in_progress,visual_reasoning/experiment_1/images/k7/198.png
198,8,3.107,grief,decay,soul | bird with broken wings,0,2,0.571,in_progress,visual_reasoning/experiment_1/images/k8/198.png
198,9,1.102,soul,caged bird,soul | bird with broken wings,2,2,0.143,in_progress,visual_reasoning/experiment_1/images/k9/198.png
198,10,2.009,emotional liberation,bird breaking free from storm,soul | bird with broken wings,1,2,0.286,in_progress,visual_reasoning/experiment_1/images/k10/198.png
199,1,0.0,transition,none,night | crawling toddler,0,2,0.0,in_progress,visual_reasoning/experiment_1/images/k1/199.png
199,2,1.71,childhood potential,galaxy,night | crawling toddler,0,2,0.286,in_progress,visual_reasoning/experiment_1/images/k2/199.png
199,3,1.468,childhood potential,cosmos,night | crawling toddler,0,2,0.286,in_progress,visual_reasoning/experiment_1/images/k3/199.png
199,4,1.205,childhood,cosmos,night | crawling toddler,0,2,0.143,in_progress,visual_reasoning/experiment_1/images/k4/199.png
199,5,0.979,childhood curiosity,cosmos,night | crawling toddler,0,2,0.143,in_progress,visual_reasoning/experiment_1/images/k5/199.png
199,6,2.689,childhood wonder,cosmos,night | crawling toddler,0,2,0.429,in_progress,visual_reasoning/experiment_1/images/k6/199.png
199,7,1.325,childhood wonder,cosmos,night | crawling toddler,0,2,0.286,in_progress,visual_reasoning/experiment_1/images/k7/199.png
199,8,2.837,childhood imagination,night sky,night | crawling toddler,1,2,0.429,in_progress,visual_reasoning/experiment_1/images/k8/199.png
199,9,1.018,childhood wonder,cosmos,night | crawling toddler,0,2,0.143,in_progress,visual_reasoning/experiment_1/images/k9/199.png
199,10,4.736,childhood,cosmic journey,night | crawling toddler,0,2,0.714,in_progress,visual_reasoning/experiment_1/images/k10/199.png
200,1,0.0,board game,none,love | board game,1,2,0.0,in_progress,visual_reasoning/experiment_1/images/k1/200.png
200,2,2.351,romantic love,board game,love | board game,2,2,0.429,in_progress,visual_reasoning/experiment_1/images/k2/200.png
200,3,2.705,romantic love,board game,love | board game,2,2,0.429,in_progress,visual_reasoning/experiment_1/images/k3/200.png
200,4,2.342,romantic love,board game,love | board game,2,2,0.429,in_progress,visual_reasoning/experiment_1/images/k4/200.png
200,5,2.783,romantic relationship,board game,love | board game,1,2,0.571,in_progress,visual_reasoning/experiment_1/images/k5/200.png
200,6,1.491,romantic love,flame,love | board game,1,2,0.286,in_progress,visual_reasoning/experiment_1/images/k6/200.png
200,7,3.011,romantic relationship,board game,love | board game,1,2,0.429,in_progress,visual_reasoning/experiment_1/images/k7/200.png
200,8,2.097,romantic relationship,board game,love | board game,1,2,0.375,in_progress,visual_reasoning/experiment_1/images/k8/200.png
200,9,2.018,romantic love,board game,love | board game,2,2,0.286,in_progress,visual_reasoning/experiment_1/images/k9/200.png
200,10,2.143,romantic love,board game,love | board game,2,2,0.429,in_progress,visual_reasoning/experiment_1/images/k10/200.png
201,1,4.57,dance,cosmic fire,blazing sun | ballroom dancer,1,2,0.571,in_progress,visual_reasoning/experiment_1/images/k1/201.png
201,2,0.978,feminine power,sun,blazing sun | ballroom dancer,0,2,0.143,in_progress,visual_reasoning/experiment_1/images/k2/201.png
201,3,1.67,passionate dance,sun,blazing sun | ballroom dancer,0,2,0.286,in_progress,visual_reasoning/experiment_1/images/k3/201.png
201,4,3.452,joy,sun,blazing sun | ballroom dancer,0,2,0.571,in_progress,visual_reasoning/experiment_1/images/k4/201.png
201,5,3.228,joy,dancing sun,blazing sun | ballroom dancer,1,2,0.429,in_progress,visual_reasoning/experiment_1/images/k5/201.png
201,6,3.987,captivating performance,fire,blazing sun | ballroom dancer,0,2,0.5,in_progress,visual_reasoning/experiment_1/images/k6/201.png
201,7,1.944,passionate performance,fire,blazing sun | ballroom dancer,0,2,0.286,in_progress,visual_reasoning/experiment_1/images/k7/201.png
201,8,2.985,artistic passion,fire,blazing sun | ballroom dancer,0,2,0.375,in_progress,visual_reasoning/experiment_1/images/k8/201.png
201,9,1.211,passionate dance performance,fire,blazing sun | ballroom dancer,0,2,0.125,in_progress,visual_reasoning/experiment_1/images/k9/201.png
201,10,0.934,charisma,fire,blazing sun | ballroom dancer,0,2,0.143,in_progress,visual_reasoning/experiment_1/images/k10/201.png
202,1,1.816,planet earth,roasted meat,earth | sunday roast,2,2,0.286,in_progress,visual_reasoning/experiment_1/images/k1/202.png
202,2,1.909,earth,roasted meal,earth | sunday roast,2,2,0.286,in_progress,visual_reasoning/experiment_1/images/k2/202.png
202,3,1.142,earth's destruction,roast dinner,earth | sunday roast,2,2,0.143,in_progress,visual_reasoning/experiment_1/images/k3/202.png
202,4,2.377,earth's destruction,roast dinner,earth | sunday roast,2,2,0.429,in_progress,visual_reasoning/experiment_1/images/k4/202.png
202,5,3.247,climate change,roast dinner,earth | sunday roast,1,2,0.429,in_progress,visual_reasoning/experiment_1/images/k5/202.png
202,6,1.939,climate change,roast dinner,earth | sunday roast,1,2,0.286,in_progress,visual_reasoning/experiment_1/images/k6/202.png
202,7,2.482,exploitation of earth's resources,roast dinner,earth | sunday roast,1,2,0.429,in_progress,visual_reasoning/experiment_1/images/k7/202.png
202,8,0.928,environmental destruction,roast dinner,earth | sunday roast,1,2,0.143,in_progress,visual_reasoning/experiment_1/images/k8/202.png
202,9,2.164,environmental destruction,roast dinner,earth | sunday roast,1,2,0.429,in_progress,visual_reasoning/experiment_1/images/k9/202.png
202,10,2.504,environmental destruction,roast dinner,earth | sunday roast,1,2,0.429,in_progress,visual_reasoning/experiment_1/images/k10/202.png
203,1,1.119,nature,mother,earth | mother,1,2,0.143,in_progress,visual_reasoning/experiment_1/images/k1/203.png
203,2,3.278,mother nature,nurturing mother,earth | mother,1,2,0.571,in_progress,visual_reasoning/experiment_1/images/k2/203.png
203,3,1.032,nature,mother goddess,earth | mother,1,2,0.143,in_progress,visual_reasoning/experiment_1/images/k3/203.png
203,4,1.639,mother nature,nurturing mother,earth | mother,1,2,0.25,in_progress,visual_reasoning/experiment_1/images/k4/203.png
203,5,1.203,nature,mother,earth | mother,1,2,0.143,in_progress,visual_reasoning/experiment_1/images/k5/203.png
203,6,1.484,nature,mother goddess,earth | mother,1,2,0.286,in_progress,visual_reasoning/experiment_1/images/k6/203.png
203,7,0.412,earth,nurturing mother,earth | mother,2,2,0.143,in_progress,visual_reasoning/experiment_1/images/k7/203.png
203,8,0.0,earth,mother,earth | mother,2,2,0.0,in_progress,visual_reasoning/experiment_1/images/k8/203.png
203,9,1.503,nature,mother,earth | mother,1,2,0.286,in_progress,visual_reasoning/experiment_1/images/k9/203.png
203,10,1.424,earth,human body,earth | mother,1,2,0.286,in_progress,visual_reasoning/experiment_1/images/k10/203.png
204,1,2.421,dreams,crystal castle,mind | glass fortress,1,2,0.286,max_rounds,visual_reasoning/experiment_1/images/k1/204.png
204,2,3.376,human mind,architectural palace,mind | glass fortress,1,2,0.429,max_rounds,visual_reasoning/experiment_1/images/k2/204.png
204,3,3.498,human mind,castle fortress,mind | glass fortress,2,2,0.5,max_rounds,visual_reasoning/experiment_1/images/k3/204.png
204,4,1.031,human mind,cosmos,mind | glass fortress,1,2,0.125,max_rounds,visual_reasoning/experiment_1/images/k4/204.png
204,5,3.299,human mind,universe,mind | glass fortress,1,2,0.571,max_rounds,visual_reasoning/experiment_1/images/k5/204.png
204,6,3.868,human consciousness,cosmic illuminated structure,mind | glass fortress,0,2,0.571,max_rounds,visual_reasoning/experiment_1/images/k6/204.png
204,7,4.163,mind,fortress,mind | glass fortress,2,2,0.571,max_rounds,visual_reasoning/experiment_1/images/k7/204.png
204,8,3.528,mind,fortified castle,mind | glass fortress,2,2,0.571,max_rounds,visual_reasoning/experiment_1/images/k8/204.png
204,9,3.014,enlightened mind,cosmos,mind | glass fortress,1,2,0.429,max_rounds,visual_reasoning/experiment_1/images/k9/204.png
204,10,5.048,mind,clockwork machine,mind | glass fortress,1,2,0.556,max_rounds,visual_reasoning/experiment_1/images/k10/204.png
205,1,0.0,tranquility,none,moon | smile,0,2,0.0,in_progress,visual_reasoning/experiment_1/images/k1/205.png
205,2,0.947,smile,crescent moon,moon | smile,2,2,0.167,in_progress,visual_reasoning/experiment_1/images/k2/205.png
205,3,2.097,happiness,crescent moon,moon | smile,2,2,0.5,in_progress,visual_reasoning/experiment_1/images/k3/205.png
205,4,1.713,happiness,crescent moon,moon | smile,2,2,0.286,in_progress,visual_reasoning/experiment_1/images/k4/205.png
205,5,1.475,divine illumination,radiant crescent moon,moon | smile,0,2,0.286,in_progress,visual_reasoning/experiment_1/images/k5/205.png
205,6,3.377,happiness,crescent moon,moon | smile,2,2,0.429,in_progress,visual_reasoning/experiment_1/images/k6/205.png
205,7,1.922,happiness,crescent moon,moon | smile,2,2,0.286,in_progress,visual_reasoning/experiment_1/images/k7/205.png
205,8,1.429,happiness,celestial light,moon | smile,1,2,0.143,in_progress,visual_reasoning/experiment_1/images/k8/205.png
205,9,2.843,inner spiritual power,cosmic energy,moon | smile,0,2,0.429,in_progress,visual_reasoning/experiment_1/images/k9/205.png
205,10,1.37,happiness,smiling moon,moon | smile,2,2,0.333,in_progress,visual_reasoning/experiment_1/images/k10/205.png
206,1,4.464,failure,shipwreck,ocean | grave,0,2,0.667,in_progress,visual_reasoning/experiment_1/images/k1/206.png
206,2,3.787,climate change,flooded graveyard,ocean | grave,1,2,0.571,in_progress,visual_reasoning/experiment_1/images/k2/206.png
206,3,3.187,environmental destruction,graveyard submerged in rising seas,ocean | grave,0,2,0.571,in_progress,visual_reasoning/experiment_1/images/k3/206.png
206,4,1.996,environmental destruction,apocalyptic flood,ocean | grave,0,2,0.429,in_progress,visual_reasoning/experiment_1/images/k4/206.png
206,5,2.893,environmental destruction,death and burial,ocean | grave,1,2,0.429,in_progress,visual_reasoning/experiment_1/images/k5/206.png
206,6,1.432,environmental destruction,burial,ocean | grave,1,2,0.286,in_progress,visual_reasoning/experiment_1/images/k6/206.png
206,7,3.878,environmental destruction,drowning grave,ocean | grave,1,2,0.571,in_progress,visual_reasoning/experiment_1/images/k7/206.png
206,8,3.756,environmental destruction,gravestone submerged in rising seas,ocean | grave,0,2,0.571,in_progress,visual_reasoning/experiment_1/images/k8/206.png
206,9,1.14,environmental destruction,gravestone,ocean | grave,1,2,0.143,in_progress,visual_reasoning/experiment_1/images/k9/206.png
206,10,3.848,industrial pollution,flooded graveyard,ocean | grave,1,2,0.571,in_progress,visual_reasoning/experiment_1/images/k10/206.png
207,1,1.376,global environmental crisis,sinking ship,planet | sinking ship,1,2,0.143,flattened,visual_reasoning/experiment_1/images/k1/207.png
207,2,2.911,global crisis,burning earth,planet | sinking ship,0,2,0.571,flattened,visual_reasoning/experiment_1/images/k2/207.png
207,3,2.075,global crisis,sinking ship,planet | sinking ship,1,2,0.286,flattened,visual_reasoning/experiment_1/images/k3/207.png
207,4,3.388,global crisis,shipwreck,planet | sinking ship,0,2,0.571,flattened,visual_reasoning/experiment_1/images/k4/207.png
207,5,3.871,global crisis,ship in storm,planet | sinking ship,0,2,0.571,flattened,visual_reasoning/experiment_1/images/k5/207.png
207,6,2.906,global crisis,ship in storm,planet | sinking ship,0,2,0.571,flattened,visual_reasoning/experiment_1/images/k6/207.png
207,7,2.728,environmental crisis,structural collapse under flooding,planet | sinking ship,0,2,0.429,flattened,visual_reasoning/experiment_1/images/k7/207.png
207,8,2.866,global civilization,ship in a storm,planet | sinking ship,0,2,0.429,flattened,visual_reasoning/experiment_1/images/k8/207.png
207,9,2.902,global crisis,sinking ship,planet | sinking ship,1,2,0.429,flattened,visual_reasoning/experiment_1/images/k9/207.png
208,1,1.148,snow landscape,quilted blanket,snow | soft bed,1,2,0.143,in_progress,visual_reasoning/experiment_1/images/k1/208.png
208,2,2.478,sleep,snow,snow | soft bed,1,2,0.429,in_progress,visual_reasoning/experiment_1/images/k2/208.png
208,3,1.588,sleep,snow,snow | soft bed,1,2,0.286,in_progress,visual_reasoning/experiment_1/images/k3/208.png
208,4,1.738,peaceful sleep,snow blanket,snow | soft bed,1,2,0.333,in_progress,visual_reasoning/experiment_1/images/k4/208.png
208,5,2.831,sleep,clouds,snow | soft bed,0,2,0.429,in_progress,visual_reasoning/experiment_1/images/k5/208.png
208,6,1.797,dreaming,winter wonderland,snow | soft bed,0,2,0.286,in_progress,visual_reasoning/experiment_1/images/k6/208.png
208,7,2.67,childhood dreams,winter wonderland,snow | soft bed,0,2,0.429,in_progress,visual_reasoning/experiment_1/images/k7/208.png
208,8,2.728,childhood dreams,sledding adventure,snow | soft bed,0,2,0.429,in_progress,visual_reasoning/experiment_1/images/k8/208.png
208,9,2.446,childhood dreams,winter wonderland,snow | soft bed,0,2,0.429,in_progress,visual_reasoning/experiment_1/images/k9/208.png
208,10,1.984,childhood dreams,snow globe,snow | soft bed,1,2,0.286,in_progress,visual_reasoning/experiment_1/images/k10/208.png
209,1,1.026,sacrifice,celestial stag,sun | wounded deer,0,2,0.143,in_progress,visual_reasoning/experiment_1/images/k1/209.png
209,2,1.28,ecological destruction,nuclear explosion,sun | wounded deer,0,2,0.143,in_progress,visual_reasoning/experiment_1/images/k2/209.png
209,3,2.945,ecological destruction,dying stag,sun | wounded deer,0,2,0.571,in_progress,visual_reasoning/experiment_1/images/k3/209.png
209,4,1.903,ecological collapse,dying stag,sun | wounded deer,0,2,0.286,in_progress,visual_reasoning/experiment_1/images/k4/209.png
209,5,1.805,environmental destruction,dying deer,sun | wounded deer,1,2,0.286,in_progress,visual_reasoning/experiment_1/images/k5/209.png
209,6,4.582,ecological destruction,wildfire,sun | wounded deer,0,2,0.571,in_progress,visual_reasoning/experiment_1/images/k6/209.png
209,7,1.742,destruction of nature,wounded golden stag,sun | wounded deer,1,2,0.286,in_progress,visual_reasoning/experiment_1/images/k7/209.png
209,8,3.46,apocalypse,wounded stag,sun | wounded deer,1,2,0.429,in_progress,visual_reasoning/experiment_1/images/k8/209.png
209,9,2.539,ecological destruction,wounded divine stag,sun | wounded deer,1,2,0.5,in_progress,visual_reasoning/experiment_1/images/k9/209.png
209,10,2.336,emotional suffering,wounded deer fleeing wildfire,sun | wounded deer,1,2,0.429,in_progress,visual_reasoning/experiment_1/images/k10/209.png
210,1,2.822,world creation,painting,world | paintbrush,2,2,0.429,in_progress,visual_reasoning/experiment_1/images/k1/210.png
210,2,1.709,cosmic creation,painting,world | paintbrush,1,2,0.286,in_progress,visual_reasoning/experiment_1/images/k2/210.png
210,3,3.012,world creation,painting,world | paintbrush,2,2,0.429,in_progress,visual_reasoning/experiment_1/images/k3/210.png
210,4,2.808,divine creation,painting,world | paintbrush,1,2,0.429,in_progress,visual_reasoning/experiment_1/images/k4/210.png
210,5,1.414,world,paintbrush,world | paintbrush,2,2,0.286,in_progress,visual_reasoning/experiment_1/images/k5/210.png
210,6,2.64,cosmic creation,painting,world | paintbrush,1,2,0.286,in_progress,visual_reasoning/experiment_1/images/k6/210.png
210,7,5.072,cosmic creation,painting,world | paintbrush,1,2,0.714,in_progress,visual_reasoning/experiment_1/images/k7/210.png
210,8,3.294,human creativity,painting the universe,world | paintbrush,0,2,0.429,in_progress,visual_reasoning/experiment_1/images/k8/210.png
210,9,2.591,imagination,painting,world | paintbrush,1,2,0.429,in_progress,visual_reasoning/experiment_1/images/k9/210.png
210,10,4.464,human creativity,globe,world | paintbrush,0,2,0.714,in_progress,visual_reasoning/experiment_1/images/k10/210.png
211,1,1.918,life,theater stage,world | stage,1,2,0.286,in_progress,visual_reasoning/experiment_1/images/k1/211.png
211,2,3.604,human life,theatrical stage,world | stage,1,2,0.571,in_progress,visual_reasoning/experiment_1/images/k2/211.png
211,3,2.108,human history,hourglass,world | stage,0,2,0.286,in_progress,visual_reasoning/experiment_1/images/k3/211.png
211,4,0.959,history of warfare,theatrical performance,world | stage,1,2,0.143,in_progress,visual_reasoning/experiment_1/images/k4/211.png
211,5,1.644,war throughout history,theater,world | stage,1,2,0.286,in_progress,visual_reasoning/experiment_1/images/k5/211.png
211,6,0.98,war through history,theatrical performance,world | stage,1,2,0.143,in_progress,visual_reasoning/experiment_1/images/k6/211.png
211,7,1.132,history of warfare,warriors from different eras clashing,world | stage,0,2,0.143,in_progress,visual_reasoning/experiment_1/images/k7/211.png
211,8,1.787,history of warfare,theatrical performance,world | stage,1,2,0.25,in_progress,visual_reasoning/experiment_1/images/k8/211.png
211,9,2.556,war,theatrical performance,world | stage,1,2,0.25,in_progress,visual_reasoning/experiment_1/images/k9/211.png
211,10,1.328,war,theater,world | stage,1,2,0.143,in_progress,visual_reasoning/experiment_1/images/k10/211.png
212,1,2.59,opportunism,vulture,thought | vulture,1,2,0.5,in_progress,visual_reasoning/experiment_1/images/k1/212.png
212,2,1.433,cognitive decline,predatory bird,thought | vulture,1,2,0.286,in_progress,visual_reasoning/experiment_1/images/k2/212.png
212,3,1.063,memory loss,vulture,thought | vulture,1,2,0.143,in_progress,visual_reasoning/experiment_1/images/k3/212.png
212,4,2.159,memory loss,vulture,thought | vulture,1,2,0.286,in_progress,visual_reasoning/experiment_1/images/k4/212.png
212,5,1.508,memory loss,vulture preying on mind,thought | vulture,1,2,0.286,in_progress,visual_reasoning/experiment_1/images/k5/212.png
212,6,3.494,memory loss,vulture consuming prey,thought | vulture,1,2,0.429,in_progress,visual_reasoning/experiment_1/images/k6/212.png
212,7,1.226,memory loss,vulture,thought | vulture,1,2,0.143,in_progress,visual_reasoning/experiment_1/images/k7/212.png
212,8,1.963,creative block,vulture,thought | vulture,1,2,0.286,in_progress,visual_reasoning/experiment_1/images/k8/212.png
212,9,1.879,mental self-destruction,vulture preying on brain,thought | vulture,1,2,0.286,in_progress,visual_reasoning/experiment_1/images/k9/212.png
212,10,4.07,destructive thoughts,vulture,thought | vulture,1,2,0.571,in_progress,visual_reasoning/experiment_1/images/k10/212.png
213,1,1.192,missed opportunity,missing a bus,time | bus,1,2,0.143,in_progress,visual_reasoning/experiment_1/images/k1/213.png
213,2,2.806,opportunity,departing bus,time | bus,1,2,0.429,in_progress,visual_reasoning/experiment_1/images/k2/213.png
213,3,3.65,time running out,departing bus,time | bus,1,2,0.571,in_progress,visual_reasoning/experiment_1/images/k3/213.png
213,4,1.578,missed opportunity,departing bus,time | bus,1,2,0.333,in_progress,visual_reasoning/experiment_1/images/k4/213.png
213,5,3.289,opportunity,departing bus,time | bus,1,2,0.429,in_progress,visual_reasoning/experiment_1/images/k5/213.png
213,6,4.414,missed opportunity,missing a bus,time | bus,1,2,0.571,in_progress,visual_reasoning/experiment_1/images/k6/213.png
213,7,4.289,missed opportunity,departing bus,time | bus,1,2,0.571,in_progress,visual_reasoning/experiment_1/images/k7/213.png
213,8,3.539,time,departing bus,time | bus,2,2,0.571,in_progress,visual_reasoning/experiment_1/images/k8/213.png
213,9,3.159,missed opportunity,missing a bus,time | bus,1,2,0.429,in_progress,visual_reasoning/experiment_1/images/k9/213.png
213,10,3.286,missed opportunity,missing a bus,time | bus,1,2,0.429,in_progress,visual_reasoning/experiment_1/images/k10/213.png
214,1,2.814,mortality,grim reaper,time | thief,0,2,0.429,in_progress,visual_reasoning/experiment_1/images/k1/214.png
214,2,2.0,passage of time,thief,time | thief,2,2,0.429,in_progress,visual_reasoning/experiment_1/images/k2/214.png
214,3,1.457,human mortality,hourglass,time | thief,0,2,0.25,in_progress,visual_reasoning/experiment_1/images/k3/214.png
214,4,1.144,human aging,grim reaper,time | thief,0,2,0.143,in_progress,visual_reasoning/experiment_1/images/k4/214.png
214,5,1.707,aging,time as reaper,time | thief,1,2,0.286,in_progress,visual_reasoning/experiment_1/images/k5/214.png
214,6,1.036,human aging,grim reaper of time,time | thief,0,2,0.143,in_progress,visual_reasoning/experiment_1/images/k6/214.png
214,7,1.692,mortality,theft,time | thief,1,2,0.286,in_progress,visual_reasoning/experiment_1/images/k7/214.png
214,8,2.613,passage of time,grim reaper,time | thief,1,2,0.429,in_progress,visual_reasoning/experiment_1/images/k8/214.png
214,9,1.448,aging,theft,time | thief,1,2,0.286,in_progress,visual_reasoning/experiment_1/images/k9/214.png
214,10,2.018,mortality,time thief,time | thief,1,2,0.286,in_progress,visual_reasoning/experiment_1/images/k10/214.png
215,1,2.197,love,cherry blossom,true love | plum blossoms in bloom,1,2,0.286,flattened,visual_reasoning/experiment_1/images/k1/215.png
215,2,2.296,romantic love,cherry blossom,true love | plum blossoms in bloom,1,2,0.286,flattened,visual_reasoning/experiment_1/images/k2/215.png
215,3,1.936,romantic love,cherry blossom,true love | plum blossoms in bloom,1,2,0.286,flattened,visual_reasoning/experiment_1/images/k3/215.png
215,4,1.049,romantic love,cherry blossom,true love | plum blossoms in bloom,1,2,0.143,flattened,visual_reasoning/experiment_1/images/k4/215.png
215,5,2.176,romantic love,cherry blossom,true love | plum blossoms in bloom,1,2,0.286,flattened,visual_reasoning/experiment_1/images/k5/215.png
215,6,1.195,romantic love,blossoming tree,true love | plum blossoms in bloom,2,2,0.143,flattened,visual_reasoning/experiment_1/images/k6/215.png
215,7,1.599,romantic love,magic spark,true love | plum blossoms in bloom,1,2,0.286,flattened,visual_reasoning/experiment_1/images/k7/215.png
215,8,1.63,romantic love,cherry blossoms,true love | plum blossoms in bloom,1,2,0.286,flattened,visual_reasoning/experiment_1/images/k8/215.png
216,1,1.897,deadly winter,death,winter | bony crone,1,2,0.286,flattened,visual_reasoning/experiment_1/images/k1/216.png
216,2,2.924,death,winter storm,winter | bony crone,1,2,0.429,flattened,visual_reasoning/experiment_1/images/k2/216.png
216,3,1.657,winter storm,frost demon,winter | bony crone,1,2,0.286,flattened,visual_reasoning/experiment_1/images/k3/216.png
216,4,3.622,blizzard,attacking monster,winter | bony crone,0,2,0.571,flattened,visual_reasoning/experiment_1/images/k4/216.png
216,5,3.193,blizzard,monstrous predator,winter | bony crone,0,2,0.429,flattened,visual_reasoning/experiment_1/images/k5/216.png
216,6,2.066,blizzard,monster,winter | bony crone,0,2,0.286,flattened,visual_reasoning/experiment_1/images/k6/216.png
216,7,1.366,winter,death,winter | bony crone,1,2,0.286,flattened,visual_reasoning/experiment_1/images/k7/216.png
216,8,0.987,winter,death,winter | bony crone,1,2,0.167,flattened,visual_reasoning/experiment_1/images/k8/216.png
216,9,0.949,winter,death,winter | bony crone,1,2,0.143,flattened,visual_reasoning/experiment_1/images/k9/216.png
217,1,2.02,workplace drudgery,hell,work | living hell,1,2,0.429,in_progress,visual_reasoning/experiment_1/images/k1/217.png
217,2,3.472,workplace slavery,hell,work | living hell,1,2,0.429,in_progress,visual_reasoning/experiment_1/images/k2/217.png
217,3,1.803,workplace drudgery,hell,work | living hell,1,2,0.286,in_progress,visual_reasoning/experiment_1/images/k3/217.png
217,4,2.414,work overload,hell,work | living hell,1,2,0.429,in_progress,visual_reasoning/experiment_1/images/k4/217.png
217,5,2.055,workplace burnout,hell,work | living hell,1,2,0.286,in_progress,visual_reasoning/experiment_1/images/k5/217.png
217,6,1.956,work overload,imprisonment,work | living hell,0,2,0.286,in_progress,visual_reasoning/experiment_1/images/k6/217.png
217,7,3.507,work overload,fire,work | living hell,0,2,0.571,in_progress,visual_reasoning/experiment_1/images/k7/217.png
217,8,1.668,work stress,hell,work | living hell,1,2,0.286,in_progress,visual_reasoning/experiment_1/images/k8/217.png
217,9,1.377,workplace burnout,fire,work | living hell,0,2,0.143,in_progress,visual_reasoning/experiment_1/images/k9/217.png
217,10,1.527,work burnout,fire demon,work | living hell,0,2,0.286,in_progress,visual_reasoning/experiment_1/images/k10/217.png
218,1,1.73,human identity,painting,face | canvas,1,2,0.286,in_progress,visual_reasoning/experiment_1/images/k1/218.png
218,2,1.472,cultural identity,layered collage,face | canvas,0,2,0.286,in_progress,visual_reasoning/experiment_1/images/k2/218.png
218,3,2.741,cultural identity,layered textile,face | canvas,0,2,0.429,in_progress,visual_reasoning/experiment_1/images/k3/218.png
218,4,1.661,cultural identity,patchwork textile,face | canvas,0,2,0.286,in_progress,visual_reasoning/experiment_1/images/k4/218.png
218,5,3.531,liberation,canvas,face | canvas,1,2,0.571,in_progress,visual_reasoning/experiment_1/images/k5/218.png
218,6,1.653,human identity,canvas painting,face | canvas,1,2,0.286,in_progress,visual_reasoning/experiment_1/images/k6/218.png
218,7,2.491,hidden identity,cracking painted mask,face | canvas,0,2,0.429,in_progress,visual_reasoning/experiment_1/images/k7/218.png
218,8,1.256,inner self breaking through facade,torn canvas,face | canvas,1,2,0.143,in_progress,visual_reasoning/experiment_1/images/k8/218.png
218,9,2.849,false identity,cracked painting,face | canvas,0,2,0.429,in_progress,visual_reasoning/experiment_1/images/k9/218.png
218,10,2.626,false happiness,painted mask,face | canvas,0,2,0.429,in_progress,visual_reasoning/experiment_1/images/k10/218.png
219,1,2.488,human mind,machine,mind | powerful tool,1,2,0.286,in_progress,visual_reasoning/experiment_1/images/k1/219.png
219,2,2.551,human mind,machine,mind | powerful tool,1,2,0.429,in_progress,visual_reasoning/experiment_1/images/k2/219.png
219,3,4.487,human imagination,mechanical engine,mind | powerful tool,0,2,0.571,in_progress,visual_reasoning/experiment_1/images/k3/219.png
219,4,3.805,human mind,mechanical engine,mind | powerful tool,1,2,0.571,in_progress,visual_reasoning/experiment_1/images/k4/219.png
219,5,1.555,human mind,mechanical machine,mind | powerful tool,1,2,0.286,in_progress,visual_reasoning/experiment_1/images/k5/219.png
219,6,1.5,human mind,toolbox,mind | powerful tool,1,2,0.143,in_progress,visual_reasoning/experiment_1/images/k6/219.png
219,7,2.188,human mind,toolbox,mind | powerful tool,1,2,0.286,in_progress,visual_reasoning/experiment_1/images/k7/219.png
219,8,1.634,intellectual potential,rocket launch,mind | powerful tool,0,2,0.286,in_progress,visual_reasoning/experiment_1/images/k8/219.png
219,9,2.807,human intelligence,universe,mind | powerful tool,0,2,0.429,in_progress,visual_reasoning/experiment_1/images/k9/219.png
219,10,2.829,creative intelligence,rocket launch,mind | powerful tool,0,2,0.429,in_progress,visual_reasoning/experiment_1/images/k10/219.png
220,1,2.358,romantic love,treasure,friend | treasure,1,2,0.429,flattened,visual_reasoning/experiment_1/images/k1/220.png
220,2,2.532,friendship,treasure chest,friend | treasure,2,2,0.429,flattened,visual_reasoning/experiment_1/images/k2/220.png
220,3,2.486,friendship,treasure,friend | treasure,2,2,0.429,flattened,visual_reasoning/experiment_1/images/k3/220.png
221,1,0.0,athletic competition,none,cheetah | race winner,0,2,0.0,in_progress,visual_reasoning/experiment_1/images/k1/221.png
221,2,2.35,athletic speed,cheetah,cheetah | race winner,1,2,0.429,in_progress,visual_reasoning/experiment_1/images/k2/221.png
221,3,1.875,athletic speed,cheetah,cheetah | race winner,1,2,0.286,in_progress,visual_reasoning/experiment_1/images/k3/221.png
221,4,3.132,athletic speed,cheetah,cheetah | race winner,1,2,0.667,in_progress,visual_reasoning/experiment_1/images/k4/221.png
221,5,2.704,athletic speed,cheetah,cheetah | race winner,1,2,0.667,in_progress,visual_reasoning/experiment_1/images/k5/221.png
221,6,6.619,athletic speed,cheetah,cheetah | race winner,1,2,0.857,in_progress,visual_reasoning/experiment_1/images/k6/221.png
221,7,2.192,athletic speed,cheetah,cheetah | race winner,1,2,0.286,in_progress,visual_reasoning/experiment_1/images/k7/221.png
221,8,3.713,athletic speed,cheetah,cheetah | race winner,1,2,0.714,in_progress,visual_reasoning/experiment_1/images/k8/221.png
221,9,2.624,athletic dominance,cheetah,cheetah | race winner,1,2,0.571,in_progress,visual_reasoning/experiment_1/images/k9/221.png
221,10,1.736,speed,cheetah,cheetah | race winner,1,2,0.333,in_progress,visual_reasoning/experiment_1/images/k10/221.png
222,1,2.523,hidden potential,diamond in rough earth,diamond | rough,1,2,0.429,generation_failed,visual_reasoning/experiment_1/images/k1/222.png
222,2,3.391,inner goodness,diamond,diamond | rough,1,2,0.429,generation_failed,visual_reasoning/experiment_1/images/k2/222.png
222,3,1.915,resilience,diamond,diamond | rough,1,2,0.286,generation_failed,visual_reasoning/experiment_1/images/k3/222.png
222,4,1.797,resilience forged through adversity,diamond,diamond | rough,1,2,0.286,generation_failed,visual_reasoning/experiment_1/images/k4/222.png
222,5,2.8,perseverance,diamond mining,diamond | rough,1,2,0.429,generation_failed,visual_reasoning/experiment_1/images/k5/222.png
222,6,1.453,perseverance,diamond in ruins,diamond | rough,1,2,0.143,generation_failed,visual_reasoning/experiment_1/images/k6/222.png
222,7,2.098,hidden potential,diamond,diamond | rough,1,2,0.286,generation_failed,visual_reasoning/experiment_1/images/k7/222.png
222,8,4.154,perseverance,diamond mining,diamond | rough,1,2,0.571,generation_failed,visual_reasoning/experiment_1/images/k8/222.png
222,9,4.255,success through struggle,diamond unearthed from rock,diamond | rough,1,2,0.571,generation_failed,visual_reasoning/experiment_1/images/k9/222.png
223,1,2.239,rage,electrical storm,anger | wildfire,1,2,0.429,generation_failed,visual_reasoning/experiment_1/images/k1/223.png
224,1,1.608,psychological entrapment,thorny cage,fear | prison,0,2,0.286,in_progress,visual_reasoning/experiment_1/images/k1/224.png
224,2,3.808,psychological imprisonment,demonic captivity,fear | prison,1,2,0.429,in_progress,visual_reasoning/experiment_1/images/k2/224.png
224,3,4.15,psychological torment,prison of screaming faces,fear | prison,1,2,0.571,in_progress,visual_reasoning/experiment_1/images/k3/224.png
224,4,3.795,mental anguish,demonic prison,fear | prison,1,2,0.571,in_progress,visual_reasoning/experiment_1/images/k4/224.png
224,5,2.777,anxiety,prison,fear | prison,2,2,0.429,in_progress,visual_reasoning/experiment_1/images/k5/224.png
224,6,4.693,social anxiety,prison,fear | prison,2,2,0.714,in_progress,visual_reasoning/experiment_1/images/k6/224.png
224,7,2.128,psychological torment,demonic prison,fear | prison,1,2,0.286,in_progress,visual_reasoning/experiment_1/images/k7/224.png
224,8,3.955,social anxiety,wall of screaming faces,fear | prison,1,2,0.571,in_progress,visual_reasoning/experiment_1/images/k8/224.png
224,9,2.983,mental illness,prison,fear | prison,1,2,0.429,in_progress,visual_reasoning/experiment_1/images/k9/224.png
224,10,1.755,anxiety,cage of screaming demons,fear | prison,1,2,0.286,in_progress,visual_reasoning/experiment_1/images/k10/224.png
225,1,0.0,spices and herbs,none,india's culture | salad bowl,0,2,0.0,flattened,visual_reasoning/experiment_1/images/k1/225.png
225,2,0.0,indian cultural diversity,melting pot,india's culture | salad bowl,1,2,0.0,flattened,visual_reasoning/experiment_1/images/k2/225.png
226,1,1.651,healing power of laughter,light and sparks,laughter | medicine,1,2,0.286,flattened,visual_reasoning/experiment_1/images/k1/226.png
226,2,4.948,laughter and friendship,medicine,laughter | medicine,2,2,0.571,flattened,visual_reasoning/experiment_1/images/k2/226.png
226,3,1.618,laughter,medicine,laughter | medicine,2,2,0.333,flattened,visual_reasoning/experiment_1/images/k3/226.png
226,4,1.933,friendship,medicine,laughter | medicine,1,2,0.286,flattened,visual_reasoning/experiment_1/images/k4/226.png
226,5,1.968,laughter as healing,medicine,laughter | medicine,2,2,0.429,flattened,visual_reasoning/experiment_1/images/k5/226.png
227,1,3.659,navigating uncertainty,labyrinth,life | maze,1,2,0.571,in_progress,visual_reasoning/experiment_1/images/k1/227.png
227,2,5.079,life,maze journey,life | maze,2,2,0.714,in_progress,visual_reasoning/experiment_1/images/k2/227.png
227,3,5.834,life journey,maze,life | maze,2,2,0.857,in_progress,visual_reasoning/experiment_1/images/k3/227.png
227,4,6.104,life,maze with obstacles,life | maze,2,2,0.857,in_progress,visual_reasoning/experiment_1/images/k4/227.png
227,5,5.931,life,maze journey,life | maze,2,2,0.857,in_progress,visual_reasoning/experiment_1/images/k5/227.png
227,6,4.024,life,labyrinth,life | maze,2,2,0.571,in_progress,visual_reasoning/experiment_1/images/k6/227.png
227,7,5.885,life,maze,life | maze,2,2,0.714,in_progress,visual_reasoning/experiment_1/images/k7/227.png
227,8,4.844,life,maze,life | maze,2,2,0.714,in_progress,visual_reasoning/experiment_1/images/k8/227.png
227,9,5.292,life,maze,life | maze,2,2,0.625,in_progress,visual_reasoning/experiment_1/images/k9/227.png
227,10,6.907,life,maze,life | maze,2,2,0.857,in_progress,visual_reasoning/experiment_1/images/k10/227.png
228,1,2.341,classroom discipline,physical chaos,classroom | zoo,1,2,0.286,in_progress,visual_reasoning/experiment_1/images/k1/228.png
228,2,2.485,classroom chaos,wild animals,classroom | zoo,2,2,0.429,in_progress,visual_reasoning/experiment_1/images/k2/228.png
228,3,2.947,classroom chaos,zoo,classroom | zoo,2,2,0.429,in_progress,visual_reasoning/experiment_1/images/k3/228.png
228,4,2.625,classroom chaos,zoo,classroom | zoo,2,2,0.429,in_progress,visual_reasoning/experiment_1/images/k4/228.png
228,5,3.339,classroom chaos,zoo,classroom | zoo,2,2,0.429,in_progress,visual_reasoning/experiment_1/images/k5/228.png
228,6,4.36,classroom management,zoo,classroom | zoo,2,2,0.571,in_progress,visual_reasoning/experiment_1/images/k6/228.png
228,7,2.559,classroom chaos,zoo,classroom | zoo,2,2,0.429,in_progress,visual_reasoning/experiment_1/images/k7/228.png
228,8,2.102,classroom chaos,zoo,classroom | zoo,2,2,0.429,in_progress,visual_reasoning/experiment_1/images/k8/228.png
228,9,1.672,academic stress,wild animals,classroom | zoo,1,2,0.286,in_progress,visual_reasoning/experiment_1/images/k9/228.png
228,10,1.205,academic stress,wild animal chaos,classroom | zoo,0,2,0.143,in_progress,visual_reasoning/experiment_1/images/k10/228.png
229,1,1.857,human mind,computer circuit,mind | computer,1,2,0.333,in_progress,visual_reasoning/experiment_1/images/k1/229.png
229,2,2.672,human mind,computer hardware,mind | computer,2,2,0.429,in_progress,visual_reasoning/experiment_1/images/k2/229.png
229,3,2.287,knowledge,circuit board,mind | computer,0,2,0.429,in_progress,visual_reasoning/experiment_1/images/k3/229.png
229,4,2.073,human mind,computer,mind | computer,2,2,0.286,in_progress,visual_reasoning/experiment_1/images/k4/229.png
229,5,4.679,human mind,computer processor,mind | computer,2,2,0.571,in_progress,visual_reasoning/experiment_1/images/k5/229.png
229,6,0.0,human mind,computer circuit,mind | computer,1,2,0.0,in_progress,visual_reasoning/experiment_1/images/k6/229.png
229,7,4.74,human mind,computer processor,mind | computer,2,2,0.571,in_progress,visual_reasoning/experiment_1/images/k7/229.png
229,8,1.723,human mind,computer processor,mind | computer,2,2,0.286,in_progress,visual_reasoning/experiment_1/images/k8/229.png
229,9,2.14,human intellect,computer processor,mind | computer,1,2,0.286,in_progress,visual_reasoning/experiment_1/images/k9/229.png
229,10,3.458,human mind,computer processor,mind | computer,2,2,0.429,in_progress,visual_reasoning/experiment_1/images/k10/229.png
230,1,2.563,knowledge transfer,magic,professor | guiding light,0,2,0.571,in_progress,visual_reasoning/experiment_1/images/k1/230.png
230,2,2.054,knowledge,light,professor | guiding light,0,2,0.286,in_progress,visual_reasoning/experiment_1/images/k2/230.png
230,3,0.982,knowledge transfer,light,professor | guiding light,0,2,0.143,in_progress,visual_reasoning/experiment_1/images/k3/230.png
230,4,4.617,education,lighthouse,professor | guiding light,0,2,0.714,in_progress,visual_reasoning/experiment_1/images/k4/230.png
230,5,2.172,education,guiding light,professor | guiding light,1,2,0.429,in_progress,visual_reasoning/experiment_1/images/k5/230.png
230,6,1.968,education,journey,professor | guiding light,0,2,0.429,in_progress,visual_reasoning/experiment_1/images/k6/230.png
230,7,4.727,educational journey,staircase,professor | guiding light,0,2,0.571,in_progress,visual_reasoning/experiment_1/images/k7/230.png
230,8,1.571,knowledge transfer,lantern light,professor | guiding light,0,2,0.286,in_progress,visual_reasoning/experiment_1/images/k8/230.png
230,9,6.321,mentorship,divine guidance,professor | guiding light,0,2,0.714,in_progress,visual_reasoning/experiment_1/images/k9/230.png
230,10,3.802,educational mentorship,guiding light,professor | guiding light,1,2,0.571,in_progress,visual_reasoning/experiment_1/images/k10/230.png
231,1,3.716,unstoppable power,bull charging through storm,stormy ocean | raging bull,0,2,0.571,in_progress,visual_reasoning/experiment_1/images/k1/231.png
231,2,2.068,ocean storm,raging bull,stormy ocean | raging bull,2,2,0.286,in_progress,visual_reasoning/experiment_1/images/k2/231.png
231,3,2.128,violent storm,raging bull,stormy ocean | raging bull,2,2,0.429,in_progress,visual_reasoning/experiment_1/images/k3/231.png
231,4,3.757,storm,charging bull,stormy ocean | raging bull,1,2,0.571,in_progress,visual_reasoning/experiment_1/images/k4/231.png
231,5,1.074,storm at sea,raging bull,stormy ocean | raging bull,2,2,0.143,in_progress,visual_reasoning/experiment_1/images/k5/231.png
231,6,1.58,storm,bull,stormy ocean | raging bull,1,2,0.286,in_progress,visual_reasoning/experiment_1/images/k6/231.png
231,7,3.843,violent storm,raging bull,stormy ocean | raging bull,2,2,0.571,in_progress,visual_reasoning/experiment_1/images/k7/231.png
231,8,1.989,storm,raging bull,stormy ocean | raging bull,2,2,0.429,in_progress,visual_reasoning/experiment_1/images/k8/231.png
231,9,1.457,storm,bull,stormy ocean | raging bull,1,2,0.286,in_progress,visual_reasoning/experiment_1/images/k9/231.png
231,10,2.543,destructive storm,demonic bull,stormy ocean | raging bull,0,2,0.429,in_progress,visual_reasoning/experiment_1/images/k10/231.png
232,1,2.103,travel spending,flood of gold,airport | pools of money,0,2,0.286,in_progress,visual_reasoning/experiment_1/images/k1/232.png
232,2,1.048,travel spending,flood of gold coins,airport | pools of money,0,2,0.143,in_progress,visual_reasoning/experiment_1/images/k2/232.png
232,3,0.0,travel expenses,flood of gold coins,airport | pools of money,0,2,0.0,in_progress,visual_reasoning/experiment_1/images/k3/232.png
232,4,2.811,travel expenses,draining gold coins,airport | pools of money,0,2,0.429,in_progress,visual_reasoning/experiment_1/images/k4/232.png
232,5,1.638,air travel costs,sea of gold coins,airport | pools of money,0,2,0.286,in_progress,visual_reasoning/experiment_1/images/k5/232.png
232,6,1.494,travel costs,gold treasure,airport | pools of money,0,2,0.286,in_progress,visual_reasoning/experiment_1/images/k6/232.png
232,7,3.525,time,gold coins,airport | pools of money,0,2,0.429,in_progress,visual_reasoning/experiment_1/images/k7/232.png
232,8,1.007,wasted time,money draining away,airport | pools of money,0,2,0.143,in_progress,visual_reasoning/experiment_1/images/k8/232.png
232,9,2.904,time,money,airport | pools of money,0,2,0.429,in_progress,visual_reasoning/experiment_1/images/k9/232.png
232,10,3.908,time,money,airport | pools of money,0,2,0.571,in_progress,visual_reasoning/experiment_1/images/k10/232.png
233,1,3.656,psychological torment,demonic possession,soul and envy | favourite meal,0,2,0.571,max_rounds,visual_reasoning/experiment_1/images/k1/233.png
233,2,2.286,psychological torment,demon devouring soul,soul and envy | favourite meal,0,2,0.286,max_rounds,visual_reasoning/experiment_1/images/k2/233.png
233,3,4.694,inner demons,soul-devouring monster,soul and envy | favourite meal,0,2,0.571,max_rounds,visual_reasoning/experiment_1/images/k3/233.png
233,4,5.178,toxic relationship,monster devouring victim,soul and envy | favourite meal,0,2,0.714,max_rounds,visual_reasoning/experiment_1/images/k4/233.png
233,5,5.443,toxic relationship,monster devouring prey,soul and envy | favourite meal,0,2,0.857,max_rounds,visual_reasoning/experiment_1/images/k5/233.png
233,6,2.809,predatory exploitation,demon feasting,soul and envy | favourite meal,0,2,0.571,max_rounds,visual_reasoning/experiment_1/images/k6/233.png
233,7,4.481,exploitation of the vulnerable,predatory feast,soul and envy | favourite meal,0,2,0.571,max_rounds,visual_reasoning/experiment_1/images/k7/233.png
233,8,3.036,human exploitation,predator devouring prey,soul and envy | favourite meal,0,2,0.571,max_rounds,visual_reasoning/experiment_1/images/k8/233.png
233,9,5.0,corruption of innocence,demonic predator,soul and envy | favourite meal,0,2,0.714,max_rounds,visual_reasoning/experiment_1/images/k9/233.png
233,10,3.699,exploitation of the vulnerable,demon devouring child,soul and envy | favourite meal,0,2,0.5,max_rounds,visual_reasoning/experiment_1/images/k10/233.png
234,1,1.972,societal apathy,sleeping through alarm,society | sleep,1,2,0.286,flattened,visual_reasoning/experiment_1/images/k1/234.png
234,2,1.969,collective apathy,alarm bells ignored during sleep,society | sleep,0,2,0.286,flattened,visual_reasoning/experiment_1/images/k2/234.png
235,1,2.697,digital abandonment,abandoned workspace,computer | coma,0,2,0.429,in_progress,visual_reasoning/experiment_1/images/k1/235.png
235,2,3.441,obsolete technology,hospital patient,computer | coma,0,2,0.667,in_progress,visual_reasoning/experiment_1/images/k2/235.png
235,3,1.794,computer failure,dying patient,computer | coma,0,2,0.286,in_progress,visual_reasoning/experiment_1/images/k3/235.png
235,4,3.032,software crash,dying patient,computer | coma,0,2,0.429,in_progress,visual_reasoning/experiment_1/images/k4/235.png
235,5,4.295,software failure,medical emergency,computer | coma,0,2,0.571,in_progress,visual_reasoning/experiment_1/images/k5/235.png
235,6,6.742,computer malfunction,medical emergency,computer | coma,0,2,0.857,in_progress,visual_reasoning/experiment_1/images/k6/235.png
235,7,5.269,dying computer,medical emergency,computer | coma,0,2,0.857,in_progress,visual_reasoning/experiment_1/images/k7/235.png
235,8,3.6,obsolete technology,patient on life support,computer | coma,0,2,0.571,in_progress,visual_reasoning/experiment_1/images/k8/235.png
235,9,3.996,dying computer,hospital life support,computer | coma,0,2,0.571,in_progress,visual_reasoning/experiment_1/images/k9/235.png
235,10,4.529,technological obsolescence,patient on life support,computer | coma,0,2,0.571,in_progress,visual_reasoning/experiment_1/images/k10/235.png
236,1,3.99,social constraint,narrow alley,french bourgeoisie | blind alley,1,2,0.571,in_progress,visual_reasoning/experiment_1/images/k1/236.png
236,2,3.656,social inequality,crowd pushing against wall,french bourgeoisie | blind alley,0,2,0.571,in_progress,visual_reasoning/experiment_1/images/k2/236.png
236,3,2.38,social class hierarchy,human pyramid,french bourgeoisie | blind alley,0,2,0.286,in_progress,visual_reasoning/experiment_1/images/k3/236.png
236,4,1.914,class exploitation,trampling,french bourgeoisie | blind alley,0,2,0.286,in_progress,visual_reasoning/experiment_1/images/k4/236.png
236,5,4.096,wealth inequality,rich men hoarding money bags,french bourgeoisie | blind alley,0,2,0.571,in_progress,visual_reasoning/experiment_1/images/k5/236.png
236,6,3.057,economic inequality,crushing wall,french bourgeoisie | blind alley,0,2,0.429,in_progress,visual_reasoning/experiment_1/images/k6/236.png
236,7,4.489,wealth inequality,imprisonment,french bourgeoisie | blind alley,0,2,0.714,in_progress,visual_reasoning/experiment_1/images/k7/236.png
236,8,1.875,economic futility,throwing money at a wall,french bourgeoisie | blind alley,0,2,0.286,in_progress,visual_reasoning/experiment_1/images/k8/236.png
236,9,6.171,financial conflict,physical brawl,french bourgeoisie | blind alley,0,2,0.75,in_progress,visual_reasoning/experiment_1/images/k9/236.png
236,10,5.757,financial rivalry,physical brawl,french bourgeoisie | blind alley,0,2,0.714,in_progress,visual_reasoning/experiment_1/images/k10/236.png
237,1,2.721,depression,storm,future | cloudy sky,0,2,0.429,in_progress,visual_reasoning/experiment_1/images/k1/237.png
237,2,2.263,decision making,crossroads,future | cloudy sky,0,2,0.429,in_progress,visual_reasoning/experiment_1/images/k2/237.png
237,3,1.596,faith,light breaking through darkness,future | cloudy sky,0,2,0.286,in_progress,visual_reasoning/experiment_1/images/k3/237.png
237,4,2.65,future uncertainty,crossroads,future | cloudy sky,1,2,0.429,in_progress,visual_reasoning/experiment_1/images/k4/237.png
237,5,4.472,future,journey,future | cloudy sky,1,2,0.571,in_progress,visual_reasoning/experiment_1/images/k5/237.png
237,6,1.671,future,crossroads,future | cloudy sky,1,2,0.286,in_progress,visual_reasoning/experiment_1/images/k6/237.png
237,7,2.7,hope,light breaking through storm,future | cloudy sky,0,2,0.429,in_progress,visual_reasoning/experiment_1/images/k7/237.png
237,8,3.592,depression,stormy road journey,future | cloudy sky,0,2,0.429,in_progress,visual_reasoning/experiment_1/images/k8/237.png
237,9,3.786,life decision,crossroads,future | cloudy sky,0,2,0.571,in_progress,visual_reasoning/experiment_1/images/k9/237.png
237,10,3.005,life decision,crossroads,future | cloudy sky,0,2,0.429,in_progress,visual_reasoning/experiment_1/images/k10/237.png
238,1,1.822,capital outflow,flood,company losing money | walking out the door,0,2,0.25,in_progress,visual_reasoning/experiment_1/images/k1/238.png
238,2,1.963,corporate greed,theft,company losing money | walking out the door,0,2,0.286,in_progress,visual_reasoning/experiment_1/images/k2/238.png
238,3,1.242,capital flight,money spilling out of building,company losing money | walking out the door,0,2,0.143,in_progress,visual_reasoning/experiment_1/images/k3/238.png
238,4,1.937,capital flight,money walking away,company losing money | walking out the door,0,2,0.286,in_progress,visual_reasoning/experiment_1/images/k4/238.png
238,5,1.71,financial loss,money walking away,company losing money | walking out the door,1,2,0.286,in_progress,visual_reasoning/experiment_1/images/k5/238.png
238,6,1.566,financial loss,money walking out,company losing money | walking out the door,2,2,0.286,in_progress,visual_reasoning/experiment_1/images/k6/238.png
238,7,1.177,financial collapse,money walking away,company losing money | walking out the door,0,2,0.143,in_progress,visual_reasoning/experiment_1/images/k7/238.png
238,8,2.313,financial loss,escape,company losing money | walking out the door,1,2,0.286,in_progress,visual_reasoning/experiment_1/images/k8/238.png
238,9,1.312,financial loss,money fleeing,company losing money | walking out the door,1,2,0.143,in_progress,visual_reasoning/experiment_1/images/k9/238.png
238,10,1.988,financial loss,money fleeing,company losing money | walking out the door,1,2,0.286,in_progress,visual_reasoning/experiment_1/images/k10/238.png
239,1,1.381,hope,lighthouse,mind | lighthouse beacon,1,2,0.286,in_progress,visual_reasoning/experiment_1/images/k1/239.png
239,2,6.158,spiritual guidance,lighthouse in storm,mind | lighthouse beacon,1,2,0.857,in_progress,visual_reasoning/experiment_1/images/k2/239.png
239,3,4.523,intellect,lighthouse,mind | lighthouse beacon,1,2,0.571,in_progress,visual_reasoning/experiment_1/images/k3/239.png
239,4,8.04,intellect,lighthouse,mind | lighthouse beacon,1,2,1.0,in_progress,visual_reasoning/experiment_1/images/k4/239.png
239,5,3.819,mental clarity,lighthouse,mind | lighthouse beacon,1,2,0.571,in_progress,visual_reasoning/experiment_1/images/k5/239.png
239,6,7.423,mental power,lighthouse beacon,mind | lighthouse beacon,1,2,0.857,in_progress,visual_reasoning/experiment_1/images/k6/239.png
239,7,1.972,mental healing,light,mind | lighthouse beacon,0,2,0.286,in_progress,visual_reasoning/experiment_1/images/k7/239.png
239,8,3.693,mental guidance,lighthouse,mind | lighthouse beacon,1,2,0.571,in_progress,visual_reasoning/experiment_1/images/k8/239.png
239,9,2.463,mental guidance,lighthouse,mind | lighthouse beacon,1,2,0.429,in_progress,visual_reasoning/experiment_1/images/k9/239.png
239,10,4.2,mental guidance,lighthouse,mind | lighthouse beacon,1,2,0.714,in_progress,visual_reasoning/experiment_1/images/k10/239.png
240,1,1.568,nostalgia,attic full of memories,full bag | unloading memory,0,2,0.286,in_progress,visual_reasoning/experiment_1/images/k1/240.png
240,2,1.095,cherished memories,treasure in a sack,full bag | unloading memory,0,2,0.143,in_progress,visual_reasoning/experiment_1/images/k2/240.png
240,3,1.764,cherished memories,glowing orbs in a bag,full bag | unloading memory,0,2,0.286,in_progress,visual_reasoning/experiment_1/images/k3/240.png
240,4,3.209,human life,hatching eggs,full bag | unloading memory,0,2,0.571,in_progress,visual_reasoning/experiment_1/images/k4/240.png
240,5,1.717,memories,eggs,full bag | unloading memory,0,2,0.286,in_progress,visual_reasoning/experiment_1/images/k5/240.png
240,6,2.46,memories,glowing orbs,full bag | unloading memory,0,2,0.429,in_progress,visual_reasoning/experiment_1/images/k6/240.png
240,7,4.826,memories,precious treasures,full bag | unloading memory,0,2,0.714,in_progress,visual_reasoning/experiment_1/images/k7/240.png
240,8,1.429,cherished memories,glass orbs,full bag | unloading memory,0,2,0.286,in_progress,visual_reasoning/experiment_1/images/k8/240.png
240,9,1.533,cherished memories,snow globes,full bag | unloading memory,0,2,0.25,in_progress,visual_reasoning/experiment_1/images/k9/240.png
240,10,1.491,cherished memories,glass orbs,full bag | unloading memory,0,2,0.25,in_progress,visual_reasoning/experiment_1/images/k10/240.png
241,1,1.572,love,fire,hear | gold,0,2,0.286,generation_failed,visual_reasoning/experiment_1/images/k1/241.png
241,2,3.572,inner goodness,glowing gold heart,hear | gold,0,2,0.571,generation_failed,visual_reasoning/experiment_1/images/k2/241.png
241,3,3.887,inner goodness,gold,hear | gold,1,2,0.571,generation_failed,visual_reasoning/experiment_1/images/k3/241.png
241,4,3.604,inner goodness,gold,hear | gold,1,2,0.429,generation_failed,visual_reasoning/experiment_1/images/k4/241.png
242,1,2.631,work overload,drowning,drowning in the ocean | work,1,2,0.429,in_progress,visual_reasoning/experiment_1/images/k1/242.png
242,2,2.834,workplace overwhelm,drowning,drowning in the ocean | work,1,2,0.429,in_progress,visual_reasoning/experiment_1/images/k2/242.png
242,3,2.279,work overload,drowning,drowning in the ocean | work,1,2,0.286,in_progress,visual_reasoning/experiment_1/images/k3/242.png
242,4,4.026,work overload,drowning,drowning in the ocean | work,1,2,0.571,in_progress,visual_reasoning/experiment_1/images/k4/242.png
242,5,3.793,work overload,drowning wave,drowning in the ocean | work,1,2,0.571,in_progress,visual_reasoning/experiment_1/images/k5/242.png
242,6,1.13,deadline pressure,tidal wave,drowning in the ocean | work,0,2,0.143,in_progress,visual_reasoning/experiment_1/images/k6/242.png
242,7,4.061,work overload,drowning,drowning in the ocean | work,1,2,0.5,in_progress,visual_reasoning/experiment_1/images/k7/242.png
242,8,3.338,work overload,drowning,drowning in the ocean | work,1,2,0.571,in_progress,visual_reasoning/experiment_1/images/k8/242.png
242,9,3.623,work overload,drowning,drowning in the ocean | work,1,2,0.429,in_progress,visual_reasoning/experiment_1/images/k9/242.png
242,10,4.124,deadline pressure,tidal wave,drowning in the ocean | work,0,2,0.571,in_progress,visual_reasoning/experiment_1/images/k10/242.png
244,1,0.0,youthful potential,divine light,best pupil at school | shining star,0,2,0.0,in_progress,visual_reasoning/experiment_1/images/k1/244.png
244,2,2.244,popularity,shining star,best pupil at school | shining star,1,2,0.286,in_progress,visual_reasoning/experiment_1/images/k2/244.png
244,3,1.071,academic achievement,star,best pupil at school | shining star,1,2,0.143,in_progress,visual_reasoning/experiment_1/images/k3/244.png
244,4,2.047,academic achievement,shining star,best pupil at school | shining star,1,2,0.286,in_progress,visual_reasoning/experiment_1/images/k4/244.png
244,5,2.12,academic achievement,shining star,best pupil at school | shining star,1,2,0.286,in_progress,visual_reasoning/experiment_1/images/k5/244.png
244,6,1.357,academic achievement,star,best pupil at school | shining star,1,2,0.286,in_progress,visual_reasoning/experiment_1/images/k6/244.png
244,7,3.516,academic excellence,shining star,best pupil at school | shining star,1,2,0.429,in_progress,visual_reasoning/experiment_1/images/k7/244.png
244,8,2.77,academic excellence,shining star,best pupil at school | shining star,1,2,0.429,in_progress,visual_reasoning/experiment_1/images/k8/244.png
244,9,0.0,academic excellence,star,best pupil at school | shining star,1,2,0.0,in_progress,visual_reasoning/experiment_1/images/k9/244.png
244,10,0.991,academic achievement,star,best pupil at school | shining star,1,2,0.143,in_progress,visual_reasoning/experiment_1/images/k10/244.png
245,1,2.073,spiritual enlightenment,sun,lover | sun in the sky,1,2,0.429,flattened,visual_reasoning/experiment_1/images/k1/245.png
245,2,0.0,romantic love,sunlight,lover | sun in the sky,1,2,0.0,flattened,visual_reasoning/experiment_1/images/k2/245.png
245,3,0.0,divine love,radiant light,lover | sun in the sky,0,2,0.0,flattened,visual_reasoning/experiment_1/images/k3/245.png
246,1,3.846,gym aversion,allergic reaction,gym | measles,0,2,0.429,flattened,visual_reasoning/experiment_1/images/k1/246.png
246,2,1.441,gym avoidance,allergic reaction,gym | measles,1,2,0.286,flattened,visual_reasoning/experiment_1/images/k2/246.png
246,3,2.967,exercise avoidance,physical illness,gym | measles,0,2,0.571,flattened,visual_reasoning/experiment_1/images/k3/246.png
246,4,1.712,exercising while sick,contagious disease,gym | measles,0,2,0.286,flattened,visual_reasoning/experiment_1/images/k4/246.png
246,5,0.0,gym attendance with contagious rash,none,gym | measles,0,2,0.0,flattened,visual_reasoning/experiment_1/images/k5/246.png
246,6,2.828,exercise,illness,gym | measles,1,2,0.429,flattened,visual_reasoning/experiment_1/images/k6/246.png
246,7,2.847,illness,athletic training,gym | measles,1,2,0.429,flattened,visual_reasoning/experiment_1/images/k7/246.png
247,1,1.861,stoicism,stone statue,still sitting | carved image,0,2,0.286,flattened,visual_reasoning/experiment_1/images/k1/247.png
247,2,2.062,self development,stone sculpting,still sitting | carved image,0,2,0.429,flattened,visual_reasoning/experiment_1/images/k2/247.png
247,3,3.868,emotional numbness,stone statue,still sitting | carved image,0,2,0.571,flattened,visual_reasoning/experiment_1/images/k3/247.png
247,4,1.773,personal identity,stone sculpting,still sitting | carved image,0,2,0.286,flattened,visual_reasoning/experiment_1/images/k4/247.png
247,5,1.789,emotional numbness,petrification,still sitting | carved image,0,2,0.286,flattened,visual_reasoning/experiment_1/images/k5/247.png
248,1,1.675,entrapment,spider web,not moving | fly caught in a spiderweb,0,2,0.286,in_progress,visual_reasoning/experiment_1/images/k1/248.png
248,2,1.885,distracted driving,spider web,not moving | fly caught in a spiderweb,0,2,0.286,in_progress,visual_reasoning/experiment_1/images/k2/248.png
248,3,2.012,fear or anxiety,spider web,not moving | fly caught in a spiderweb,0,2,0.286,in_progress,visual_reasoning/experiment_1/images/k3/248.png
248,4,2.87,entrapment,spider web,not moving | fly caught in a spiderweb,0,2,0.429,in_progress,visual_reasoning/experiment_1/images/k4/248.png
248,5,0.983,arachnophobia,spider,not moving | fly caught in a spiderweb,1,2,0.143,in_progress,visual_reasoning/experiment_1/images/k5/248.png
248,6,2.931,arachnophobia,spider web trap,not moving | fly caught in a spiderweb,1,2,0.429,in_progress,visual_reasoning/experiment_1/images/k6/248.png
248,7,2.336,fear,spider web trap,not moving | fly caught in a spiderweb,1,2,0.286,in_progress,visual_reasoning/experiment_1/images/k7/248.png
248,8,4.139,arachnophobia,spider trap,not moving | fly caught in a spiderweb,1,2,0.714,in_progress,visual_reasoning/experiment_1/images/k8/248.png
248,9,2.103,entrapment,spider web,not moving | fly caught in a spiderweb,0,2,0.286,in_progress,visual_reasoning/experiment_1/images/k9/248.png
248,10,1.192,fear,spider web,not moving | fly caught in a spiderweb,0,2,0.143,in_progress,visual_reasoning/experiment_1/images/k10/248.png
249,1,1.675,loss of direction,stranded sailor,failed love | ocean and desert,0,2,0.286,in_progress,visual_reasoning/experiment_1/images/k1/249.png
249,2,1.14,lost love,crumbling wall,failed love | ocean and desert,1,2,0.143,in_progress,visual_reasoning/experiment_1/images/k2/249.png
249,3,2.065,lost love,barren wasteland,failed love | ocean and desert,1,2,0.25,in_progress,visual_reasoning/experiment_1/images/k3/249.png
249,4,1.356,lost love,being stranded on shore,failed love | ocean and desert,1,2,0.143,in_progress,visual_reasoning/experiment_1/images/k4/249.png
249,5,1.496,unrequited love,being stranded on a desert shore,failed love | ocean and desert,1,2,0.286,in_progress,visual_reasoning/experiment_1/images/k5/249.png
249,6,2.633,heartbreak,castaway abandonment,failed love | ocean and desert,1,2,0.429,in_progress,visual_reasoning/experiment_1/images/k6/249.png
249,7,1.004,unrequited love,decay and death,failed love | ocean and desert,1,2,0.143,in_progress,visual_reasoning/experiment_1/images/k7/249.png
249,8,2.263,heartbreak,ship sailing away,failed love | ocean and desert,1,2,0.429,in_progress,visual_reasoning/experiment_1/images/k8/249.png
249,9,1.371,loneliness,drought,failed love | ocean and desert,0,2,0.286,in_progress,visual_reasoning/experiment_1/images/k9/249.png
249,10,1.488,longing for love,dying of thirst in desert,failed love | ocean and desert,1,2,0.25,in_progress,visual_reasoning/experiment_1/images/k10/249.png
250,1,1.978,life journey,map,wrinkly forehead | old map,1,2,0.286,in_progress,visual_reasoning/experiment_1/images/k1/250.png
250,2,1.627,aging,map,wrinkly forehead | old map,1,2,0.286,in_progress,visual_reasoning/experiment_1/images/k2/250.png
250,3,2.744,aging,map,wrinkly forehead | old map,1,2,0.429,in_progress,visual_reasoning/experiment_1/images/k3/250.png
250,4,1.506,aging,historical map,wrinkly forehead | old map,1,2,0.286,in_progress,visual_reasoning/experiment_1/images/k4/250.png
250,5,2.47,aging,old map,wrinkly forehead | old map,1,2,0.429,in_progress,visual_reasoning/experiment_1/images/k5/250.png
250,6,2.924,aging,old map,wrinkly forehead | old map,1,2,0.429,in_progress,visual_reasoning/experiment_1/images/k6/250.png
250,7,4.684,aging,cracked earth,wrinkly forehead | old map,0,2,0.571,in_progress,visual_reasoning/experiment_1/images/k7/250.png
250,8,1.981,aging,old map,wrinkly forehead | old map,1,2,0.286,in_progress,visual_reasoning/experiment_1/images/k8/250.png
250,9,2.65,aging,old map,wrinkly forehead | old map,1,2,0.429,in_progress,visual_reasoning/experiment_1/images/k9/250.png
250,10,1.398,aging,road map,wrinkly forehead | old map,0,2,0.286,in_progress,visual_reasoning/experiment_1/images/k10/250.png
